,ID,time,lon,lat,event_id,tagtype,sex,age,height_above_wgs84,fix,point_state,designated_before,moving,on_land,on_land_designation_RLD,distance_offshore_meters,geometry,
5,ME-2020-14,11/28/2020 4:58,-76.2000275,39.0354805,17015282893,4g - Night,m,Hatch Year,96,3D,Point state: Migratory (fall),TRUE,TRUE,FALSE,FALSE,600,c(-76.2000275, 39.0354805)
6,ME-2020-14,12/3/2020 5:00,-80.3549347,32.3735924,17116905067,4g - Night,m,Hatch Year,183,3D,Point state: Migratory (fall),TRUE,TRUE,FALSE,FALSE,7500,c(-80.3549347, 32.3735924)
12,NC-2020-18,3/28/2020 4:01,-69.9032669,42.8882828,14243374306,6.3g - Night,f,Second Year,33,2D,Point state: Migratory (spring),FALSE,TRUE,FALSE,FALSE,,c(-69.9032669, 42.8882828)
13,NC-2021-21,3/31/2021 4:01,-61.8178673,47.4205055,18311652259,5g- hybrid,f,Second Year,54,3D,Point state: Migratory (spring),TRUE,TRUE,FALSE,FALSE,1000,c(-61.8178673, 47.4205055)
85,NS-2022-07,12/5/2022 2:01,-67.1071091,44.2185593,24556316820,4g - hybrid overwater,m,Hatch Year,264,3D,Point state: Migratory (fall),TRUE,TRUE,FALSE,FALSE,,c(-67.1071091, 44.2185593)
106,NS-2023-13,11/27/2023 0:00,-66.4138336,43.7043839,30343576453,4g - overwater,m,Hatch year,-18,3D,Point state: Migratory (fall),FALSE,TRUE,FALSE,FALSE,,c(-66.4138336, 43.7043839)
107,NS-2023-13,11/27/2023 1:59,-67.7201004,43.6985207,30345319747,4g - overwater,m,Hatch year,-12,3D,Point state: Migratory (fall),FALSE,TRUE,FALSE,FALSE,,c(-67.7201004, 43.6985207)
108,NS-2023-14,11/24/2023 0:02,-69.2389984,43.871067,30343576421,4g - overwater,m,Hatch year,63,3D,Point state: Migratory (fall),FALSE,TRUE,FALSE,FALSE,,c(-69.2389984, 43.871067)
109,NS-2023-14,11/24/2023 2:01,-69.9088516,43.4298248,30343576426,4g - overwater,m,Hatch year,-20,3D,Point state: Migratory (fall),FALSE,TRUE,FALSE,FALSE,,c(-69.9088516, 43.4298248)
110,NS-2023-14,11/24/2023 4:01,-70.4770966,43.087986,30343576431,4g - overwater,m,Hatch year,102,3D,Point state: Migratory (fall),FALSE,TRUE,FALSE,FALSE,,c(-70.4770966, 43.087986)
111,NS-2023-15,11/21/2023 0:00,-66.248642,43.9894638,30311757185,4g - overwater,m,After hatch year,0,2D,Point state: Migratory (fall),FALSE,TRUE,FALSE,FALSE,,c(-66.248642, 43.9894638)
112,NS-2023-15,11/21/2023 3:58,-67.8083954,43.1983986,30311757193,4g - overwater,m,After hatch year,177,3D,Point state: Migratory (fall),FALSE,TRUE,FALSE,FALSE,,c(-67.8083954, 43.1983986)
113,NS-2024-17,11/14/2024 2:01,-69.0293,43.9835,36338056325,5g - overwater,f,AHY,546,3D,Point state: Migratory (fall),FALSE,TRUE,FALSE,FALSE,,c(-69.0293, 43.9835)
114,NS-2024-21,12/12/2024 4:01,-76.918541,34.6852226,37160396043,4g - overwater,m,AHY,72,3D,Point state: Migratory (fall),FALSE,TRUE,FALSE,FALSE,300,c(-76.918541, 34.6852226)
150,NS-2024-26,12/7/2024 1:59,-76.2671738,38.661541,36933939317,4g - overwater,f,HY,-34,3D,Point state: Migratory (fall),FALSE,TRUE,FALSE,FALSE,5000,c(-76.2671738, 38.661541)
151,NS-2024-33,11/16/2024 2:01,-75.9151459,36.8562813,36338056384,4g - overwater,m,AHY,0,2D,Point state: Migratory (fall),FALSE,TRUE,FALSE,FALSE,5000,c(-75.9151459, 36.8562813)
152,NS-2024-37,11/10/2024 2:01,-67.0027,43.2702,36309742089,4g - overwater,f,AHY,0,2D,Point state: Migratory (fall),FALSE,TRUE,FALSE,FALSE,,c(-67.0027, 43.2702)
153,NS-2024-37,11/22/2024 4:01,-75.3339767,38.0095367,36595292308,4g - overwater,f,AHY,45,3D,Point state: Migratory (fall),FALSE,TRUE,FALSE,FALSE,4000,c(-75.3339767, 38.0095367)
154,NS-2024-38,11/14/2024 2:01,-68.6997375,43.9314575,36309742105,4g - overwater,f,HY,1429,3D,Point state: Migratory (fall),FALSE,TRUE,FALSE,FALSE,,c(-68.6997375, 43.9314575)
156,PA-2021-43,12/20/2021 5:00,-76.008667,38.0649338,21014168855,5g,f,After Hatch Year,34,2D,Point state: Migratory (fall),FALSE,TRUE,FALSE,FALSE,1000,c(-76.008667, 38.0649338)
164,RI-2019-21,12/27/2019 9:42,-75.3712234,39.1830673,13655340281,4g - Frequent,m,After Hatch Year,NA,3D,Point state: Migratory (fall),FALSE,TRUE,FALSE,FALSE,2500,c(-75.3712234, 39.1830673)
182,SC-2020-12,5/3/2020 4:01,-69.738739,48.0717201,14558553392,6.3g - Night,f,Second Year,102,3D,Point state: Migratory (spring),TRUE,TRUE,FALSE,FALSE,,c(-69.738739, 48.0717201)
220,VT-2020-16,10/27/2020 4:03,-75.3165207,39.1875954,16758145470,4g - Night,f,Hatch Year,34,2D,Point state: Migratory (fall),FALSE,TRUE,FALSE,FALSE,,c(-75.3165207, 39.1875954)
7,NC-2019-02,3/13/2019 13:00,-77.2700272,38.4790154,9399407892,4g - Hybrid,m,Second Year,NA,3D,Point state: Migratory (spring),FALSE,FALSE,FALSE,TRUE,,c(-77.2700272, 38.4790154)
14,NC-2022-34,2/17/2022 18:59,-75.995018,36.5287056,21335177758,?g- lazarus,f,After Second Year,-34,3D,Point state: Winter,TRUE,FALSE,FALSE,TRUE,,c(-75.995018, 36.5287056)
15,NC-2022-34,3/9/2022 18:59,-75.9947662,36.5286522,21551806729,?g- lazarus,f,After Second Year,8,3D,Point state: Winter,TRUE,FALSE,FALSE,TRUE,,c(-75.9947662, 36.5286522)
22,NJ-2018-07,1/9/2019 3:01,-76.0028763,37.2288399,8807074666,4g - Infrequent,m,Hatch Year,NA,3D,Point state: Migratory (fall),FALSE,FALSE,FALSE,TRUE,,c(-76.0028763, 37.2288399)
23,NJ-2018-07,1/12/2019 14:00,-76.0161667,37.2522354,8679168362,4g - Infrequent,m,Hatch Year,NA,3D,Point state: Migratory (fall),FALSE,FALSE,FALSE,TRUE,,c(-76.0161667, 37.2522354)
25,NJ-2018-07,2/12/2019 13:58,-76.0170364,37.2525177,9178791124,4g - Infrequent,m,Hatch Year,NA,3D,,FALSE,FALSE,FALSE,TRUE,,c(-76.0170364, 37.2525177)
26,NJ-2018-07,2/15/2019 19:58,-76.0170364,37.2525711,9178791125,4g - Infrequent,m,Hatch Year,NA,3D,,FALSE,FALSE,FALSE,TRUE,,c(-76.0170364, 37.2525711)
29,NJ-2018-07,2/21/2019 14:00,-76.0168839,37.2525444,9178791127,4g - Infrequent,m,Hatch Year,NA,3D,,FALSE,FALSE,FALSE,TRUE,,c(-76.0168839, 37.2525444)
30,NJ-2018-07,2/23/2019 19:58,-76.0171127,37.252594,9178791128,4g - Infrequent,m,Hatch Year,NA,3D,,FALSE,FALSE,FALSE,TRUE,,c(-76.0171127, 37.252594)
32,NJ-2018-07,2/27/2019 19:58,-76.0171127,37.2525711,13651600131,4g - Infrequent,m,Hatch Year,NA,3D,,FALSE,FALSE,FALSE,TRUE,,c(-76.0171127, 37.2525711)
34,NJ-2018-07,3/3/2019 19:58,-76.0170593,37.2525444,9497039556,4g - Infrequent,m,Hatch Year,NA,3D,,FALSE,FALSE,FALSE,TRUE,,c(-76.0170593, 37.2525444)
35,NJ-2018-07,3/7/2019 19:58,-76.0170593,37.252594,9497039557,4g - Infrequent,m,Hatch Year,NA,3D,,FALSE,FALSE,FALSE,TRUE,,c(-76.0170593, 37.252594)
36,NJ-2018-07,3/21/2019 13:00,-76.0170593,37.2525711,9575509346,4g - Infrequent,m,Hatch Year,NA,3D,,FALSE,FALSE,FALSE,TRUE,,c(-76.0170593, 37.2525711)
38,NJ-2018-07,3/25/2019 13:00,-76.0170898,37.2525711,9575509348,4g - Infrequent,m,Hatch Year,NA,3D,,FALSE,FALSE,FALSE,TRUE,,c(-76.0170898, 37.2525711)
41,NJ-2018-07,3/31/2019 18:59,-76.016983,37.252491,9575509351,4g - Infrequent,m,Hatch Year,NA,3D,,FALSE,FALSE,FALSE,TRUE,,c(-76.016983, 37.252491)
42,NJ-2018-07,4/14/2019 13:00,-76.0170364,37.2525444,9737935214,4g - Infrequent,m,Hatch Year,NA,3D,,FALSE,FALSE,FALSE,TRUE,,c(-76.0170364, 37.2525444)
43,NJ-2018-07,4/16/2019 18:59,-76.0170898,37.252594,9737935215,4g - Infrequent,m,Hatch Year,NA,3D,,FALSE,FALSE,FALSE,TRUE,,c(-76.0170898, 37.252594)
44,NJ-2018-07,4/18/2019 13:00,-76.0170593,37.2525177,9737935216,4g - Infrequent,m,Hatch Year,NA,3D,,FALSE,FALSE,FALSE,TRUE,,c(-76.0170593, 37.2525177)
81,NS-2019-01,11/18/2019 14:00,-76.2735519,37.8142586,13652883259,4g - Frequent,m,Hatch Year,NA,3D,Point state: Migratory (fall),FALSE,TRUE,FALSE,TRUE,,c(-76.2735519, 37.8142586)
155,PA-2021-43,12/2/2021 5:00,-75.7584763,38.1054344,20967592479,5g,f,After Hatch Year,2,3D,Point state: Migratory (fall),TRUE,FALSE,FALSE,TRUE,,c(-75.7584763, 38.1054344)
165,RI-2020-41,3/4/2021 18:59,-77.1206512,37.2957573,18089366221,5g - Hybrid,f,After Hatch Year,18,3D,Point state: Migratory (spring),TRUE,FALSE,FALSE,TRUE,,c(-77.1206512, 37.2957573)
186,VA-2019-18,2/16/2019 20:01,-75.9655838,37.1251602,9142761736,6.3g - Frequent,,No capture record exists,NA,3D,Point state: Winter,FALSE,FALSE,FALSE,TRUE,,c(-75.9655838, 37.1251602)
187,VA-2019-18,2/17/2019 14:00,-75.9656296,37.1251602,9173038990,6.3g - Frequent,,No capture record exists,NA,3D,Point state: Winter,FALSE,FALSE,FALSE,TRUE,,c(-75.9656296, 37.1251602)
188,VA-2019-18,2/19/2019 19:58,-75.9655533,37.1251602,9173038992,6.3g - Frequent,,No capture record exists,NA,3D,Point state: Winter,FALSE,FALSE,FALSE,TRUE,,c(-75.9655533, 37.1251602)
189,VA-2019-18,2/20/2019 14:02,-75.9658127,37.1251602,9173038993,6.3g - Frequent,,No capture record exists,NA,3D,Point state: Winter,FALSE,FALSE,FALSE,TRUE,,c(-75.9658127, 37.1251602)
190,VA-2019-18,2/22/2019 3:01,-75.9603577,37.1313019,9173038994,6.3g - Frequent,,No capture record exists,NA,3D,Point state: Winter,FALSE,FALSE,FALSE,TRUE,,c(-75.9603577, 37.1313019)
191,VA-2019-18,2/22/2019 20:01,-75.9654541,37.1252098,9173038995,6.3g - Frequent,,No capture record exists,NA,3D,Point state: Winter,FALSE,FALSE,FALSE,TRUE,,c(-75.9654541, 37.1252098)
192,VA-2019-18,2/23/2019 14:00,-75.9653244,37.1253357,13651600085,6.3g - Frequent,,No capture record exists,NA,3D,Point state: Winter,FALSE,FALSE,FALSE,TRUE,,c(-75.9653244, 37.1253357)
193,VA-2019-18,2/25/2019 2:59,-75.9604874,37.1313782,13651600086,6.3g - Frequent,,No capture record exists,NA,3D,Point state: Winter,FALSE,FALSE,FALSE,TRUE,,c(-75.9604874, 37.1313782)
194,VA-2019-18,2/26/2019 14:02,-75.9654007,37.1252365,13651600088,6.3g - Frequent,,No capture record exists,NA,3D,Point state: Winter,FALSE,FALSE,FALSE,TRUE,,c(-75.9654007, 37.1252365)
195,VA-2019-18,2/28/2019 20:01,-75.9657364,37.1248245,13651600089,6.3g - Frequent,,No capture record exists,NA,3D,Point state: Winter,FALSE,FALSE,FALSE,TRUE,,c(-75.9657364, 37.1248245)
196,VA-2019-18,3/5/2019 14:00,-75.9611511,37.1308403,9313284765,6.3g - Frequent,,No capture record exists,NA,3D,Point state: Winter,FALSE,FALSE,FALSE,TRUE,,c(-75.9611511, 37.1308403)
197,VA-2019-18,3/6/2019 20:01,-75.9609222,37.1309166,9313284766,6.3g - Frequent,,No capture record exists,NA,3D,Point state: Winter,FALSE,FALSE,FALSE,TRUE,,c(-75.9609222, 37.1309166)
198,VA-2019-18,3/7/2019 14:00,-75.9653244,37.1251831,13651671573,6.3g - Frequent,,No capture record exists,NA,3D,Point state: Winter,FALSE,FALSE,FALSE,TRUE,,c(-75.9653244, 37.1251831)
199,VA-2019-18,3/8/2019 20:01,-75.9654236,37.1252098,13651671574,6.3g - Frequent,,No capture record exists,NA,3D,Point state: Winter,FALSE,FALSE,FALSE,TRUE,,c(-75.9654236, 37.1252098)
200,VA-2019-18,3/9/2019 13:00,-75.9653244,37.1252594,13651671575,6.3g - Frequent,,No capture record exists,NA,3D,Point state: Winter,FALSE,FALSE,FALSE,TRUE,,c(-75.9653244, 37.1252594)
201,VA-2019-18,3/10/2019 19:01,-75.9653473,37.1252861,9391244485,6.3g - Frequent,,No capture record exists,NA,3D,Point state: Winter,FALSE,FALSE,FALSE,TRUE,,c(-75.9653473, 37.1252861)
202,VA-2019-18,3/11/2019 13:00,-75.9657822,37.1251335,9391244486,6.3g - Frequent,,No capture record exists,NA,3D,Point state: Winter,FALSE,FALSE,FALSE,TRUE,,c(-75.9657822, 37.1251335)
203,VA-2019-30,12/20/2019 19:58,-88.0241547,30.6871433,13847383709,5g - Infrequent,m,Hatch Year,NA,3D,Point state: Migratory (fall),FALSE,FALSE,FALSE,TRUE,,c(-88.0241547, 30.6871433)
204,VA-2019-30,12/22/2019 14:00,-88.0239716,30.686758,13847383710,5g - Infrequent,m,Hatch Year,NA,3D,Point state: Migratory (fall),FALSE,FALSE,FALSE,TRUE,,c(-88.0239716, 30.686758)
205,VA-2019-48,11/28/2019 19:58,-75.9703445,37.1430779,13531111714,5g - Infrequent,f,Hatch Year,NA,3D,Point state: Migratory (fall),FALSE,FALSE,FALSE,TRUE,,c(-75.9703445, 37.1430779)
206,VA-2019-48,12/1/2019 3:01,-75.9739761,37.151989,13594505946,5g - Infrequent,f,Hatch Year,NA,3D,Point state: Migratory (fall),FALSE,FALSE,FALSE,TRUE,,c(-75.9739761, 37.151989)
207,VA-2019-48,12/19/2019 3:01,-76.4619675,36.0264587,13629976876,5g - Infrequent,f,Hatch Year,NA,3D,Point state: Winter,FALSE,FALSE,FALSE,TRUE,,c(-76.4619675, 36.0264587)
208,VA-2019-48,12/20/2019 14:00,-76.4616547,36.026432,13629976877,5g - Infrequent,f,Hatch Year,NA,3D,Point state: Winter,FALSE,FALSE,FALSE,TRUE,,c(-76.4616547, 36.026432)
209,VA-2019-48,12/22/2019 19:58,-76.4618149,36.026432,13629976878,5g - Infrequent,f,Hatch Year,NA,3D,Point state: Winter,FALSE,FALSE,FALSE,TRUE,,c(-76.4618149, 36.026432)
210,VA-2019-48,3/12/2020 19:01,-76.4618378,36.0264053,14160844888,5g - Infrequent,f,Hatch Year,NA,3D,Point state: Winter,FALSE,FALSE,FALSE,TRUE,,c(-76.4618378, 36.0264053)
211,VA-2019-48,3/16/2020 13:02,-76.4618607,36.026432,14160844889,5g - Infrequent,f,Hatch Year,NA,2D,Point state: Winter,FALSE,FALSE,FALSE,TRUE,,c(-76.4618607, 36.026432)
212,VA-2019-48,3/18/2020 19:01,-76.4618607,36.0264816,14160844890,5g - Infrequent,f,Hatch Year,NA,3D,Point state: Winter,FALSE,FALSE,FALSE,TRUE,,c(-76.4618607, 36.0264816)
221,VT-2021-23,12/15/2021 5:02,-85.7426834,30.1369209,20999738953,5g- night,f,After Hatch Year,-3,3D,Point state: Winter,TRUE,FALSE,FALSE,TRUE,7500,c(-85.7426834, 30.1369209)
222,VT-2021-23,12/22/2021 5:00,-85.742836,30.1372795,21022618499,5g- night,f,After Hatch Year,-3,3D,Point state: Winter,TRUE,FALSE,FALSE,TRUE,,c(-85.742836, 30.1372795)
223,VT-2021-23,12/23/2021 4:58,-85.742836,30.137228,21022618515,5g- night,f,After Hatch Year,3,3D,Point state: Winter,TRUE,FALSE,FALSE,TRUE,,c(-85.742836, 30.137228)
224,VT-2021-23,12/24/2021 5:00,-85.7428131,30.1371784,21031600650,5g- night,f,After Hatch Year,14,3D,Point state: Winter,TRUE,FALSE,FALSE,TRUE,,c(-85.7428131, 30.1371784)
225,VT-2021-23,12/25/2021 4:58,-85.742836,30.1372547,21031600658,5g- night,f,After Hatch Year,-10,3D,Point state: Winter,TRUE,FALSE,FALSE,TRUE,,c(-85.742836, 30.1372547)
226,VT-2021-23,1/15/2022 20:01,-85.7428131,30.137331,21214534115,5g- night,f,After Hatch Year,30,3D,Point state: Winter,TRUE,FALSE,FALSE,TRUE,,c(-85.7428131, 30.137331)
227,VT-2021-23,1/22/2022 19:58,-85.7427826,30.1374073,21214534122,5g- night,f,After Hatch Year,53,3D,Point state: Winter,TRUE,FALSE,FALSE,TRUE,,c(-85.7427826, 30.1374073)
228,VT-2021-23,1/29/2022 20:01,-85.74263,30.1363831,21214534129,5g- night,f,After Hatch Year,122,3D,Point state: Winter,TRUE,FALSE,FALSE,TRUE,,c(-85.74263, 30.1363831)
229,VT-2021-23,2/5/2022 19:58,-85.7427826,30.1373825,21214534139,5g- night,f,After Hatch Year,22,3D,Point state: Winter,TRUE,FALSE,FALSE,TRUE,,c(-85.7427826, 30.1373825)
230,VT-2021-23,2/26/2022 20:01,-85.7428894,30.137228,21551806719,5g- night,f,After Hatch Year,15,3D,Point state: Winter,TRUE,FALSE,FALSE,TRUE,,c(-85.7428894, 30.137228)
231,VT-2021-23,3/5/2022 19:58,-85.7428589,30.1371784,21551806724,5g- night,f,After Hatch Year,4,3D,Point state: Winter,TRUE,FALSE,FALSE,TRUE,,c(-85.7428589, 30.1371784)
233,VT-2022-31,11/14/2022 4:58,-76.9748611,38.3467903,24283328536,4g - hybrid,m,After Hatch Year,711,3D,Point state: Migratory (fall),TRUE,TRUE,FALSE,TRUE,,c(-76.9748611, 38.3467903)
1,LA-2023-23,4/12/2023 19:01,-68.3929977,49.1175804,26533471762,4g - hybrid,m,After hatch year,11,3D,Point state: Migratory (spring),TRUE,TRUE,FALSE,,,c(-68.3929977, 49.1175804)
2,MD-2019-01,4/16/2019 13:00,-66.100853,45.2848244,9737935223,6.3g - Frequent,f,Second Year,NA,3D,Point state: Migratory (spring),FALSE,TRUE,FALSE,,,c(-66.100853, 45.2848244)
3,MD-2020-11,3/27/2020 13:00,-67.6863861,44.5394287,14243374224,4g - Hybrid,m,After Second Year,NA,2D,Point state: Migratory (spring),FALSE,TRUE,FALSE,,,c(-67.6863861, 44.5394287)
4,ME-2018-07,11/18/2018 14:02,-72.0052643,41.3240204,7994489561,4g - Frequent,m,Hatch Year,NA,2D,Point state: Migratory (fall),FALSE,FALSE,FALSE,,,c(-72.0052643, 41.3240204)
8,NC-2020-07,3/9/2020 13:00,-75.0711441,38.6104965,14514929483,4g - Hybrid,m,Second Year,NA,3D,Point state: Migratory (spring),FALSE,FALSE,FALSE,,,c(-75.0711441, 38.6104965)
9,NC-2020-07,3/10/2020 19:01,-75.0710144,38.6105728,14106117090,4g - Hybrid,m,Second Year,NA,3D,Point state: Migratory (spring),FALSE,FALSE,FALSE,,,c(-75.0710144, 38.6105728)
10,NC-2020-07,3/11/2020 13:00,-75.0710144,38.6105461,14106117091,4g - Hybrid,m,Second Year,NA,3D,Point state: Migratory (spring),FALSE,FALSE,FALSE,,,c(-75.0710144, 38.6105461)
11,NC-2020-07,3/12/2020 19:01,-75.0767975,38.6115723,14106117092,4g - Hybrid,m,Second Year,NA,3D,Point state: Migratory (spring),FALSE,FALSE,FALSE,,,c(-75.0767975, 38.6115723)
16,NC-2022-34,5/4/2022 18:59,-64.7280273,46.0789108,22034920070,?g- lazarus,f,After Second Year,0,2D,Point state: Summer,FALSE,FALSE,FALSE,,,c(-64.7280273, 46.0789108)
17,NC-2022-44,4/8/2022 15:00,-66.9051743,44.6189194,21787139386,?g- lazarus,m,Second Year,72,3D,Point state: Migratory (spring),TRUE,TRUE,FALSE,,,c(-66.9051743, 44.6189194)
18,NJ-2018-02,4/8/2019 18:59,-74.5211029,45.0976372,9665828407,4g - Infrequent,m,Hatch Year,NA,3D,Point state: Migratory (spring),FALSE,FALSE,FALSE,,,c(-74.5211029, 45.0976372)
19,NJ-2018-02,4/10/2019 13:00,-74.521637,45.0976639,9665828408,4g - Infrequent,m,Hatch Year,NA,3D,Point state: Migratory (spring),FALSE,FALSE,FALSE,,,c(-74.521637, 45.0976639)
20,NJ-2018-02,4/12/2019 18:59,-74.5209961,45.0978432,9665828409,4g - Infrequent,m,Hatch Year,NA,3D,Point state: Migratory (spring),FALSE,FALSE,FALSE,,,c(-74.5209961, 45.0978432)
21,NJ-2018-04,3/15/2019 18:59,-76.4962158,39.2078476,9497039547,4g - Infrequent,m,Hatch Year,NA,3D,Point state: Migratory (spring),FALSE,TRUE,FALSE,,,c(-76.4962158, 39.2078476)
24,NJ-2018-07,1/28/2019 14:00,-76.0170593,37.2525711,9090394059,4g - Infrequent,m,Hatch Year,NA,3D,,FALSE,FALSE,FALSE,,,c(-76.0170593, 37.2525711)
27,NJ-2018-07,2/17/2019 14:00,-76.0170593,37.2525711,9319308732,4g - Infrequent,m,Hatch Year,NA,3D,,FALSE,FALSE,FALSE,,,c(-76.0170593, 37.2525711)
28,NJ-2018-07,2/19/2019 19:58,-76.0170364,37.2525444,9178791126,4g - Infrequent,m,Hatch Year,NA,3D,,FALSE,FALSE,FALSE,,,c(-76.0170364, 37.2525444)
31,NJ-2018-07,2/25/2019 14:00,-76.0170593,37.2525711,13651600130,4g - Infrequent,m,Hatch Year,NA,3D,,FALSE,FALSE,FALSE,,,c(-76.0170593, 37.2525711)
33,NJ-2018-07,3/1/2019 14:00,-76.0170593,37.2525711,13651600132,4g - Infrequent,m,Hatch Year,NA,3D,,FALSE,FALSE,FALSE,,,c(-76.0170593, 37.2525711)
37,NJ-2018-07,3/23/2019 18:59,-76.0170364,37.2525444,9575509347,4g - Infrequent,m,Hatch Year,NA,3D,,FALSE,FALSE,FALSE,,,c(-76.0170364, 37.2525444)
39,NJ-2018-07,3/27/2019 18:59,-76.0170364,37.2525444,9575509349,4g - Infrequent,m,Hatch Year,NA,3D,,FALSE,FALSE,FALSE,,,c(-76.0170364, 37.2525444)
40,NJ-2018-07,3/29/2019 13:00,-76.0170898,37.252594,9575509350,4g - Infrequent,m,Hatch Year,NA,3D,,FALSE,FALSE,FALSE,,,c(-76.0170898, 37.252594)
45,NJ-2018-09,3/17/2019 18:59,-70.0764313,41.9582863,9455636763,6.3g - Frequent,f,Hatch Year,NA,3D,Point state: Migratory (spring),FALSE,FALSE,FALSE,,,c(-70.0764313, 41.9582863)
46,NJ-2018-09,3/18/2019 13:02,-70.0761719,41.9581833,9455636764,6.3g - Frequent,f,Hatch Year,NA,3D,Point state: Migratory (spring),FALSE,FALSE,FALSE,,,c(-70.0761719, 41.9581833)
47,NJ-2018-09,4/2/2019 18:59,-69.9578781,41.8388367,9612257032,6.3g - Frequent,f,Hatch Year,NA,3D,Point state: Summer,FALSE,FALSE,FALSE,,,c(-69.9578781, 41.8388367)
48,NJ-2018-09,4/5/2019 12:58,-69.9578018,41.8388367,9630463957,6.3g - Frequent,f,Hatch Year,NA,3D,Point state: Summer,FALSE,FALSE,FALSE,,,c(-69.9578018, 41.8388367)
49,NJ-2018-09,4/6/2019 18:59,-69.9575958,41.8389893,9630463958,6.3g - Frequent,f,Hatch Year,NA,2D,Point state: Summer,FALSE,FALSE,FALSE,,,c(-69.9575958, 41.8389893)
50,NJ-2018-09,4/7/2019 12:58,-69.9577713,41.8392181,9630463959,6.3g - Frequent,f,Hatch Year,NA,3D,Point state: Summer,FALSE,FALSE,FALSE,,,c(-69.9577713, 41.8392181)
51,NJ-2018-09,4/8/2019 18:59,-69.9577484,41.8387833,9650184527,6.3g - Frequent,f,Hatch Year,NA,3D,Point state: Summer,FALSE,FALSE,FALSE,,,c(-69.9577484, 41.8387833)
52,NJ-2018-09,4/9/2019 12:58,-69.957695,41.8387566,9650184528,6.3g - Frequent,f,Hatch Year,NA,3D,Point state: Summer,FALSE,FALSE,FALSE,,,c(-69.957695, 41.8387566)
53,NJ-2018-09,4/10/2019 18:59,-69.957489,41.8391418,9650184529,6.3g - Frequent,f,Hatch Year,NA,3D,Point state: Summer,FALSE,FALSE,FALSE,,,c(-69.957489, 41.8391418)
54,NJ-2018-09,4/11/2019 13:02,-69.9576187,41.83881,13651696180,6.3g - Frequent,f,Hatch Year,NA,3D,Point state: Summer,FALSE,FALSE,FALSE,,,c(-69.9576187, 41.83881)
55,NJ-2018-09,4/12/2019 18:59,-69.957489,41.8392448,13651696181,6.3g - Frequent,f,Hatch Year,NA,3D,Point state: Summer,FALSE,FALSE,FALSE,,,c(-69.957489, 41.8392448)
56,NJ-2018-09,4/13/2019 12:58,-69.957489,41.8389359,13651696182,6.3g - Frequent,f,Hatch Year,NA,3D,Point state: Summer,FALSE,FALSE,FALSE,,,c(-69.957489, 41.8389359)
57,NJ-2018-09,4/14/2019 18:59,-69.957695,41.8388863,9704335230,6.3g - Frequent,f,Hatch Year,NA,3D,Point state: Summer,FALSE,FALSE,FALSE,,,c(-69.957695, 41.8388863)
58,NJ-2018-09,4/15/2019 12:58,-69.957489,41.8389893,9704335231,6.3g - Frequent,f,Hatch Year,NA,3D,Point state: Summer,FALSE,FALSE,FALSE,,,c(-69.957489, 41.8389893)
59,NJ-2018-09,4/16/2019 18:59,-69.9575195,41.8389626,9704335232,6.3g - Frequent,f,Hatch Year,NA,3D,Point state: Summer,FALSE,FALSE,FALSE,,,c(-69.9575195, 41.8389626)
60,NJ-2018-09,4/17/2019 13:02,-69.9577179,41.8389359,9775062402,6.3g - Frequent,f,Hatch Year,NA,3D,Point state: Summer,FALSE,FALSE,FALSE,,,c(-69.9577179, 41.8389359)
61,NJ-2018-09,4/18/2019 18:59,-69.9577179,41.8389893,9775062403,6.3g - Frequent,f,Hatch Year,NA,3D,Point state: Summer,FALSE,FALSE,FALSE,,,c(-69.9577179, 41.8389893)
62,NJ-2018-09,4/19/2019 12:58,-69.9572601,41.8388596,9775062404,6.3g - Frequent,f,Hatch Year,NA,3D,Point state: Summer,FALSE,FALSE,FALSE,,,c(-69.9572601, 41.8388596)
63,NJ-2018-09,4/20/2019 18:59,-69.9570313,41.838913,9890381144,6.3g - Frequent,f,Hatch Year,NA,3D,Point state: Summer,FALSE,FALSE,FALSE,,,c(-69.9570313, 41.838913)
64,NJ-2018-09,4/22/2019 18:59,-69.9575424,41.8390656,9890381145,6.3g - Frequent,f,Hatch Year,NA,3D,Point state: Summer,FALSE,FALSE,FALSE,,,c(-69.9575424, 41.8390656)
65,NJ-2018-09,4/23/2019 13:02,-69.9575195,41.838913,9890381146,6.3g - Frequent,f,Hatch Year,NA,3D,Point state: Summer,FALSE,FALSE,FALSE,,,c(-69.9575195, 41.838913)
66,NJ-2018-09,4/24/2019 18:59,-69.9571075,41.8388596,9890381147,6.3g - Frequent,f,Hatch Year,NA,2D,Point state: Summer,FALSE,FALSE,FALSE,,,c(-69.9571075, 41.8388596)
67,NJ-2018-09,4/25/2019 12:58,-69.9574661,41.8389626,9890381148,6.3g - Frequent,f,Hatch Year,NA,3D,Point state: Summer,FALSE,FALSE,FALSE,,,c(-69.9574661, 41.8389626)
68,NJ-2018-09,4/27/2019 12:58,-69.9576416,41.8391151,9890381149,6.3g - Frequent,f,Hatch Year,NA,3D,Point state: Summer,FALSE,FALSE,FALSE,,,c(-69.9576416, 41.8391151)
69,NJ-2018-09,4/30/2019 18:59,-69.9576187,41.8389626,10058480327,6.3g - Frequent,f,Hatch Year,NA,3D,Point state: Summer,FALSE,FALSE,FALSE,,,c(-69.9576187, 41.8389626)
70,NJ-2018-09,5/2/2019 13:00,-69.957695,41.8389893,10058480328,6.3g - Frequent,f,Hatch Year,NA,3D,Point state: Summer,FALSE,FALSE,FALSE,,,c(-69.957695, 41.8389893)
71,NJ-2018-09,5/6/2019 13:00,-69.9667587,41.8339462,10124583310,6.3g - Frequent,f,Hatch Year,NA,3D,Point state: Summer,FALSE,FALSE,FALSE,,,c(-69.9667587, 41.8339462)
72,NJ-2018-09,5/18/2019 13:00,-69.9739532,41.8191757,10372125747,6.3g - Frequent,f,Hatch Year,NA,3D,Point state: Summer,FALSE,FALSE,FALSE,,,c(-69.9739532, 41.8191757)
73,NJ-2018-09,5/20/2019 18:59,-69.966629,41.8341522,10372125748,6.3g - Frequent,f,Hatch Year,NA,3D,Point state: Summer,FALSE,FALSE,FALSE,,,c(-69.966629, 41.8341522)
74,NJ-2018-09,5/22/2019 13:00,-69.9718781,41.8171272,10372125749,6.3g - Frequent,f,Hatch Year,NA,3D,Point state: Summer,FALSE,FALSE,FALSE,,,c(-69.9718781, 41.8171272)
75,NJ-2018-09,5/24/2019 18:59,-69.973877,41.8187904,10372125750,6.3g - Frequent,f,Hatch Year,NA,3D,Point state: Summer,FALSE,FALSE,FALSE,,,c(-69.973877, 41.8187904)
76,NJ-2018-09,6/19/2019 18:59,-69.973877,41.8187637,11499249316,6.3g - Frequent,f,Hatch Year,NA,3D,Point state: Summer,FALSE,FALSE,FALSE,,,c(-69.973877, 41.8187637)
77,NJ-2018-09,7/29/2019 13:00,-69.9713135,41.8178673,11944289485,6.3g - Frequent,f,Hatch Year,NA,3D,Point state: Summer,FALSE,FALSE,FALSE,,,c(-69.9713135, 41.8178673)
78,NJ-2018-09,8/3/2019 19:01,-69.9712143,41.8180466,11944289486,6.3g - Frequent,f,Hatch Year,NA,3D,Point state: Summer,FALSE,FALSE,FALSE,,,c(-69.9712143, 41.8180466)
79,NJ-2018-10,3/14/2019 12:58,-76.5094757,39.2348022,9431418893,6.3g - Frequent,f,Hatch Year,NA,3D,Point state: Migratory (spring),FALSE,TRUE,FALSE,,,c(-76.5094757, 39.2348022)
80,NJ-2019-29,3/30/2020 12:58,-74.2048111,45.5305099,14258916633,6.3g - Frequent,f,Hatch Year,NA,3D,Point state: Migratory (spring),FALSE,TRUE,FALSE,,,c(-74.2048111, 45.5305099)
82,NS-2019-02,11/30/2019 14:00,-65.7328796,43.5532417,13577079382,6.3g - Frequent,f,Hatch Year,NA,3D,Point state: Migratory (fall),FALSE,FALSE,FALSE,,,c(-65.7328796, 43.5532417)
83,NS-2019-02,12/1/2019 20:01,-65.7325211,43.5531921,13577079383,6.3g - Frequent,f,Hatch Year,NA,3D,Point state: Migratory (fall),FALSE,FALSE,FALSE,,,c(-65.7325211, 43.5531921)
84,NS-2019-02,12/3/2019 20:01,-65.7326431,43.5531921,13577079384,6.3g - Frequent,f,Hatch Year,NA,3D,Point state: Migratory (fall),FALSE,FALSE,FALSE,,,c(-65.7326431, 43.5531921)
86,NS-2022-08,11/24/2022 17:59,-74.2406006,40.5340042,24317200460,4g - hybrid overwater,m,Hatch Year,-48,3D,Point state: Migratory (fall),TRUE,FALSE,FALSE,,,c(-74.2406006, 40.5340042)
87,NS-2022-08,11/25/2022 2:01,-74.2412643,40.5327759,24363375452,4g - hybrid overwater,m,Hatch Year,-28,3D,Point state: Migratory (fall),TRUE,FALSE,FALSE,,,c(-74.2412643, 40.5327759)
88,NS-2022-08,11/26/2022 17:59,-74.410614,39.380825,24363375466,4g - hybrid overwater,m,Hatch Year,-29,3D,Point state: Migratory (fall),TRUE,FALSE,FALSE,,,c(-74.410614, 39.380825)
89,NS-2022-08,11/27/2022 2:01,-74.4107666,39.3808517,24363375475,4g - hybrid overwater,m,Hatch Year,-31,3D,Point state: Migratory (fall),TRUE,FALSE,FALSE,,,c(-74.4107666, 39.3808517)
90,NS-2022-08,11/28/2022 1:59,-74.4060059,39.3857155,24376899887,4g - hybrid overwater,m,Hatch Year,-39,3D,Point state: Migratory (fall),TRUE,FALSE,FALSE,,,c(-74.4060059, 39.3857155)
91,NS-2022-08,11/28/2022 17:59,-74.3913116,39.3862534,24376899894,4g - hybrid overwater,m,Hatch Year,-6,3D,Point state: Migratory (fall),TRUE,FALSE,FALSE,,,c(-74.3913116, 39.3862534)
92,NS-2022-08,11/30/2022 17:59,-74.3911819,39.3865585,24556316770,4g - hybrid overwater,m,Hatch Year,-30,3D,Point state: Migratory (fall),TRUE,FALSE,FALSE,,,c(-74.3911819, 39.3865585)
93,NS-2022-08,12/1/2022 2:01,-74.3913879,39.3863792,24556316775,4g - hybrid overwater,m,Hatch Year,-25,3D,Point state: Migratory (fall),TRUE,FALSE,FALSE,,,c(-74.3913879, 39.3863792)
94,NS-2022-08,12/2/2022 1:59,-74.390976,39.3862,24556316778,4g - hybrid overwater,m,Hatch Year,0,2D,Point state: Migratory (fall),FALSE,FALSE,FALSE,,,c(-74.390976, 39.3862)
95,NS-2022-08,12/2/2022 17:59,-74.3914642,39.3858414,24556316786,4g - hybrid overwater,m,Hatch Year,-15,3D,Point state: Migratory (fall),TRUE,FALSE,FALSE,,,c(-74.3914642, 39.3858414)
96,NS-2022-08,12/3/2022 2:01,-74.3898773,39.3881721,24556316797,4g - hybrid overwater,m,Hatch Year,-34,3D,Point state: Migratory (fall),TRUE,FALSE,FALSE,,,c(-74.3898773, 39.3881721)
97,NS-2022-08,12/4/2022 1:59,-74.3877487,39.3886833,24556316801,4g - hybrid overwater,m,Hatch Year,-27,3D,Point state: Migratory (fall),TRUE,FALSE,FALSE,,,c(-74.3877487, 39.3886833)
98,NS-2022-08,12/4/2022 17:59,-74.3836517,39.3906288,24556316811,4g - hybrid overwater,m,Hatch Year,-26,3D,Point state: Migratory (fall),TRUE,FALSE,FALSE,,,c(-74.3836517, 39.3906288)
99,NS-2022-08,12/5/2022 2:01,-74.3837814,39.3905296,24556316819,4g - hybrid overwater,m,Hatch Year,-20,3D,Point state: Migratory (fall),TRUE,FALSE,FALSE,,,c(-74.3837814, 39.3905296)
100,NS-2022-08,12/6/2022 1:59,-74.3837585,39.3906288,24699947518,4g - hybrid overwater,m,Hatch Year,-28,3D,Point state: Migratory (fall),TRUE,FALSE,FALSE,,,c(-74.3837585, 39.3906288)
101,NS-2022-08,12/6/2022 17:59,-74.3837051,39.3907852,24699947520,4g - hybrid overwater,m,Hatch Year,-29,3D,Point state: Migratory (fall),TRUE,FALSE,FALSE,,,c(-74.3837051, 39.3907852)
102,NS-2022-08,12/7/2022 2:01,-74.3842926,39.3906059,24699947527,4g - hybrid overwater,m,Hatch Year,-29,3D,Point state: Migratory (fall),TRUE,FALSE,FALSE,,,c(-74.3842926, 39.3906059)
103,NS-2022-08,12/8/2022 1:59,-74.3834229,39.3908348,24699947530,4g - hybrid overwater,m,Hatch Year,-27,3D,Point state: Migratory (fall),TRUE,FALSE,FALSE,,,c(-74.3834229, 39.3908348)
104,NS-2022-08,12/8/2022 17:59,-74.3819656,39.391861,24726282596,4g - hybrid overwater,m,Hatch Year,-29,3D,Point state: Migratory (fall),TRUE,FALSE,FALSE,,,c(-74.3819656, 39.391861)
105,NS-2022-08,12/9/2022 2:01,-74.3807602,39.3896065,24726282601,4g - hybrid overwater,m,Hatch Year,0,2D,Point state: Migratory (fall),FALSE,FALSE,FALSE,,,c(-74.3807602, 39.3896065)
115,NS-2024-24,12/17/2024 1:59,-66.0651,43.7156,37189685616,4g - overwater,m,HY,-3,3D,Point state: Migratory (fall),FALSE,FALSE,FALSE,,,c(-66.0651, 43.7156)
116,NS-2024-24,12/18/2024 2:01,-66.0649567,43.7154427,37214693718,4g - overwater,m,HY,-6,3D,Point state: Migratory (fall),FALSE,FALSE,FALSE,,,c(-66.0649567, 43.7154427)
117,NS-2024-24,12/19/2024 1:59,-66.0637054,43.7134705,37214693727,4g - overwater,m,HY,-1,3D,Point state: Migratory (fall),FALSE,FALSE,FALSE,,,c(-66.0637054, 43.7134705)
118,NS-2024-24,12/22/2024 2:01,-66.0641632,43.716877,37260946567,4g - overwater,m,HY,-2,3D,Point state: Migratory (fall),FALSE,FALSE,FALSE,,,c(-66.0641632, 43.716877)
119,NS-2024-24,12/23/2024 1:59,-66.063446,43.7156982,37298815560,4g - overwater,m,HY,0,2D,Point state: Migratory (fall),FALSE,FALSE,FALSE,,,c(-66.063446, 43.7156982)
120,NS-2024-24,12/24/2024 2:01,-66.0629883,43.7164917,37298815579,4g - overwater,m,HY,-12,3D,Point state: Migratory (fall),FALSE,FALSE,FALSE,,,c(-66.0629883, 43.7164917)
121,NS-2024-24,12/26/2024 2:01,-66.0639114,43.7169266,37349173519,4g - overwater,m,HY,-11,3D,Point state: Migratory (fall),FALSE,FALSE,FALSE,,,c(-66.0639114, 43.7169266)
122,NS-2024-24,12/27/2024 1:59,-66.063446,43.7164688,37349173528,4g - overwater,m,HY,-13,3D,Point state: Migratory (fall),FALSE,FALSE,FALSE,,,c(-66.063446, 43.7164688)
123,NS-2024-24,12/28/2024 2:01,-66.0639343,43.7153168,37349173537,4g - overwater,m,HY,-15,3D,Point state: Migratory (fall),FALSE,FALSE,FALSE,,,c(-66.0639343, 43.7153168)
124,NS-2024-24,12/29/2024 1:59,-66.0639648,43.7136765,37349173546,4g - overwater,m,HY,-2,3D,Point state: Migratory (fall),FALSE,FALSE,FALSE,,,c(-66.0639648, 43.7136765)
125,NS-2024-24,12/30/2024 2:01,-66.0637589,43.7136497,37392449420,4g - overwater,m,HY,-5,3D,Point state: Migratory (fall),FALSE,FALSE,FALSE,,,c(-66.0637589, 43.7136497)
126,NS-2024-24,12/31/2024 1:59,-66.0640411,43.7136269,37392449430,4g - overwater,m,HY,0,3D,Point state: Migratory (fall),FALSE,FALSE,FALSE,,,c(-66.0640411, 43.7136269)
127,NS-2024-24,1/1/2025 2:01,-66.0655212,43.714241,37392449439,4g - overwater,m,HY,-2,3D,Point state: Migratory (fall),FALSE,FALSE,FALSE,,,c(-66.0655212, 43.714241)
128,NS-2024-24,1/2/2025 1:59,-66.0655518,43.7141876,37392449441,4g - overwater,m,HY,-7,3D,Point state: Migratory (fall),FALSE,FALSE,FALSE,,,c(-66.0655518, 43.7141876)
129,NS-2024-24,1/3/2025 2:01,-66.063858,43.7137299,37449098927,4g - overwater,m,HY,-1,3D,Point state: Migratory (fall),FALSE,FALSE,FALSE,,,c(-66.063858, 43.7137299)
130,NS-2024-24,1/4/2025 1:59,-66.0639648,43.7136497,37449098970,4g - overwater,m,HY,-11,3D,Point state: Migratory (fall),FALSE,FALSE,FALSE,,,c(-66.0639648, 43.7136497)
131,NS-2024-24,1/5/2025 2:01,-66.0640106,43.715416,37449099018,4g - overwater,m,HY,-10,3D,Point state: Migratory (fall),FALSE,FALSE,FALSE,,,c(-66.0640106, 43.715416)
132,NS-2024-24,1/6/2025 1:59,-66.0639877,43.715519,37449099088,4g - overwater,m,HY,-12,3D,Point state: Migratory (fall),FALSE,FALSE,FALSE,,,c(-66.0639877, 43.715519)
133,NS-2024-24,1/7/2025 2:01,-66.0641403,43.7169533,37498773909,4g - overwater,m,HY,-11,3D,Point state: Migratory (fall),FALSE,FALSE,FALSE,,,c(-66.0641403, 43.7169533)
134,NS-2024-24,1/8/2025 1:59,-66.0642929,43.7169037,37498773986,4g - overwater,m,HY,-26,3D,Point state: Migratory (fall),FALSE,FALSE,FALSE,,,c(-66.0642929, 43.7169037)
135,NS-2024-24,1/9/2025 2:01,-66.0640106,43.7169266,37498774061,4g - overwater,m,HY,-9,3D,Point state: Migratory (fall),FALSE,FALSE,FALSE,,,c(-66.0640106, 43.7169266)
136,NS-2024-24,1/10/2025 1:59,-66.0639877,43.7154961,37498774120,4g - overwater,m,HY,-12,3D,Point state: Migratory (fall),FALSE,FALSE,FALSE,,,c(-66.0639877, 43.7154961)
137,NS-2024-24,1/11/2025 2:01,-66.0639343,43.7152901,37533441211,4g - overwater,m,HY,-14,3D,Point state: Migratory (fall),FALSE,FALSE,FALSE,,,c(-66.0639343, 43.7152901)
138,NS-2024-24,1/12/2025 1:59,-66.0639343,43.7151871,37533441275,4g - overwater,m,HY,-9,3D,Point state: Migratory (fall),FALSE,FALSE,FALSE,,,c(-66.0639343, 43.7151871)
139,NS-2024-24,1/13/2025 2:01,-66.0648804,43.7164421,37575912428,4g - overwater,m,HY,-8,3D,Point state: Migratory (fall),FALSE,FALSE,FALSE,,,c(-66.0648804, 43.7164421)
140,NS-2024-24,1/14/2025 1:59,-66.0635757,43.7168503,37575912474,4g - overwater,m,HY,-11,3D,Point state: Migratory (fall),FALSE,FALSE,FALSE,,,c(-66.0635757, 43.7168503)
141,NS-2024-26,11/15/2024 3:58,-76.2647,39.1308,36338056341,4g - overwater,f,HY,12,3D,Point state: Migratory (fall),FALSE,TRUE,FALSE,,,c(-76.2647, 39.1308)
142,NS-2024-26,11/25/2024 0:00,-76.1374588,39.0661507,36642387960,4g - overwater,f,HY,-6,3D,Point state: Migratory (fall),FALSE,FALSE,FALSE,,,c(-76.1374588, 39.0661507)
143,NS-2024-26,11/25/2024 1:59,-76.1375122,39.0663033,36642387968,4g - overwater,f,HY,-22,3D,Point state: Migratory (fall),FALSE,FALSE,FALSE,,,c(-76.1375122, 39.0663033)
144,NS-2024-26,11/25/2024 3:58,-76.1374588,39.0662766,36642387979,4g - overwater,f,HY,-26,3D,Point state: Migratory (fall),FALSE,FALSE,FALSE,,,c(-76.1374588, 39.0662766)
145,NS-2024-26,11/26/2024 0:02,-76.1371002,39.066021,36642387995,4g - overwater,f,HY,-16,3D,Point state: Migratory (fall),FALSE,FALSE,FALSE,,,c(-76.1371002, 39.066021)
146,NS-2024-26,11/26/2024 2:01,-76.1370239,39.066021,36642388014,4g - overwater,f,HY,-24,3D,Point state: Migratory (fall),FALSE,FALSE,FALSE,,,c(-76.1370239, 39.066021)
147,NS-2024-26,11/26/2024 4:01,-76.1371536,39.066124,36642388033,4g - overwater,f,HY,-25,3D,Point state: Migratory (fall),FALSE,FALSE,FALSE,,,c(-76.1371536, 39.066124)
148,NS-2024-26,11/27/2024 0:00,-76.1366119,39.0654602,36642388052,4g - overwater,f,HY,-19,3D,Point state: Migratory (fall),FALSE,FALSE,FALSE,,,c(-76.1366119, 39.0654602)
149,NS-2024-26,12/7/2024 0:00,-76.1379166,39.0667648,36933939307,4g - overwater,f,HY,-21,3D,Point state: Migratory (fall),FALSE,FALSE,FALSE,,,c(-76.1379166, 39.0667648)
157,QUE-2019-11,10/27/2019 13:00,-73.4757004,45.6783218,12709756741,6.3g - Frequent,f,Hatch Year,NA,3D,Point state: Migratory (fall),FALSE,FALSE,FALSE,,,c(-73.4757004, 45.6783218)
158,QUE-2019-11,10/28/2019 19:01,-73.4755707,45.6784248,12709756742,6.3g - Frequent,f,Hatch Year,NA,3D,Point state: Migratory (fall),FALSE,FALSE,FALSE,,,c(-73.4755707, 45.6784248)
159,QUE-2019-11,10/29/2019 13:00,-73.4757233,45.6784248,12709756743,6.3g - Frequent,f,Hatch Year,NA,3D,Point state: Migratory (fall),FALSE,FALSE,FALSE,,,c(-73.4757233, 45.6784248)
160,QUE-2019-11,10/30/2019 19:01,-73.475647,45.6784248,13015184616,6.3g - Frequent,f,Hatch Year,NA,3D,Point state: Migratory (fall),FALSE,FALSE,FALSE,,,c(-73.475647, 45.6784248)
161,QUE-2019-11,10/31/2019 13:00,-73.9339905,45.4857597,13015184617,6.3g - Frequent,f,Hatch Year,NA,3D,Point state: Migratory (fall),FALSE,FALSE,FALSE,,,c(-73.9339905, 45.4857597)
162,QUE-2019-11,11/1/2019 19:01,-73.9336853,45.4838409,13015184618,6.3g - Frequent,f,Hatch Year,NA,3D,Point state: Migratory (fall),FALSE,FALSE,FALSE,,,c(-73.9336853, 45.4838409)
163,RI-2018-15,11/19/2018 17:59,-73.4927216,40.9231758,7994489577,4g - Frequent,m,After Hatch Year,NA,3D,Point state: Migratory (fall),FALSE,TRUE,FALSE,,,c(-73.4927216, 40.9231758)
166,RI-2021-52,1/13/2022 15:02,-72.1663132,41.318821,21127066748,5g- RI Nesting ,f,Hatch Year,30,3D,Point state: Migratory (fall),TRUE,FALSE,FALSE,,,c(-72.1663132, 41.318821)
167,RI-2021-52,1/15/2022 19:01,-72.1666718,41.3191299,21127066750,5g- RI Nesting ,f,Hatch Year,34,2D,Point state: Migratory (fall),FALSE,FALSE,FALSE,,,c(-72.1666718, 41.3191299)
168,RI-2021-52,2/10/2022 15:02,-72.1676636,41.319973,21313725517,5g- RI Nesting ,f,Hatch Year,7,3D,,FALSE,FALSE,FALSE,,,c(-72.1676636, 41.319973)
169,RI-2021-52,2/12/2022 19:01,-72.1674118,41.319973,21313725520,5g- RI Nesting ,f,Hatch Year,43,3D,,FALSE,FALSE,FALSE,,,c(-72.1674118, 41.319973)
170,RI-2021-52,2/14/2022 15:02,-72.1671829,41.3199234,21313725535,5g- RI Nesting ,f,Hatch Year,61,3D,,FALSE,FALSE,FALSE,,,c(-72.1671829, 41.3199234)
171,RI-2021-52,2/16/2022 19:01,-72.1674347,41.3199997,21313725543,5g- RI Nesting ,f,Hatch Year,31,3D,,FALSE,FALSE,FALSE,,,c(-72.1674347, 41.3199997)
172,RI-2021-52,2/18/2022 15:02,-72.1674652,41.3200264,21335177765,5g- RI Nesting ,f,Hatch Year,13,3D,,FALSE,FALSE,FALSE,,,c(-72.1674652, 41.3200264)
173,RI-2021-52,2/20/2022 19:01,-72.1673889,41.319973,21335177782,5g- RI Nesting ,f,Hatch Year,32,3D,,FALSE,FALSE,FALSE,,,c(-72.1673889, 41.319973)
174,RI-2021-52,3/4/2022 19:01,-72.1673889,41.3199501,21517098643,5g- RI Nesting ,f,Hatch Year,51,3D,,FALSE,FALSE,FALSE,,,c(-72.1673889, 41.3199501)
175,RI-2021-52,3/6/2022 15:02,-72.1673584,41.3199997,21517098659,5g- RI Nesting ,f,Hatch Year,29,3D,,FALSE,FALSE,FALSE,,,c(-72.1673584, 41.3199997)
176,RI-2021-52,3/8/2022 19:01,-72.1674881,41.319973,21551806728,5g- RI Nesting ,f,Hatch Year,20,3D,,FALSE,FALSE,FALSE,,,c(-72.1674881, 41.319973)
177,RI-2021-52,3/10/2022 15:02,-72.1674347,41.319973,21551806732,5g- RI Nesting ,f,Hatch Year,38,3D,,FALSE,FALSE,FALSE,,,c(-72.1674347, 41.319973)
178,RI-2021-52,3/12/2022 19:01,-72.1673889,41.319973,21551806744,5g- RI Nesting ,f,Hatch Year,34,2D,,FALSE,FALSE,FALSE,,,c(-72.1673889, 41.319973)
179,RI-2021-52,3/14/2022 15:02,-72.1673584,41.3200264,21551806769,5g- RI Nesting ,f,Hatch Year,34,2D,,FALSE,FALSE,FALSE,,,c(-72.1673584, 41.3200264)
180,RI-2021-52,3/16/2022 19:01,-72.1675644,41.320076,21551806785,5g- RI Nesting ,f,Hatch Year,34,2D,,FALSE,FALSE,FALSE,,,c(-72.1675644, 41.320076)
181,RI-2021-52,3/18/2022 15:02,-72.1674881,41.3199234,21551806811,5g- RI Nesting ,f,Hatch Year,34,2D,,FALSE,FALSE,FALSE,,,c(-72.1674881, 41.3199234)
183,SC-2021-22,5/27/2021 16:00,-69.6390762,44.0190849,19033909948,4g- hybrid,m,After Second Year,59,3D,Point state: Summer,TRUE,FALSE,FALSE,,,c(-69.6390762, 44.0190849)
184,SC-2021-22,7/8/2021 16:00,-69.6388474,44.0190086,19463274529,4g- hybrid,m,After Second Year,56,3D,Point state: Summer,TRUE,FALSE,FALSE,,,c(-69.6388474, 44.0190086)
185,SC-2021-22,7/14/2021 16:00,-69.6389008,44.0191612,19463274536,4g- hybrid,m,After Second Year,53,3D,Point state: Summer,TRUE,FALSE,FALSE,,,c(-69.6389008, 44.0191612)
213,VA-2020-51,3/21/2020 1:59,-64.6288528,45.399231,14301614161,4g - Infrequent,m,Hatch Year,NA,3D,Point state: Migratory (spring),FALSE,TRUE,FALSE,,,c(-64.6288528, 45.399231)
214,VA-2020-51,3/22/2020 12:58,-64.2504044,45.3922157,14301614162,4g - Infrequent,m,Hatch Year,NA,3D,Point state: Migratory (spring),FALSE,FALSE,FALSE,,,c(-64.2504044, 45.3922157)
215,VA-2020-51,3/24/2020 19:01,-64.2503815,45.3922691,14301614163,4g - Infrequent,m,Hatch Year,NA,3D,Point state: Migratory (spring),FALSE,FALSE,FALSE,,,c(-64.2503815, 45.3922691)
216,VA-2020-51,3/27/2020 1:59,-64.2505569,45.3924217,14301614164,4g - Infrequent,m,Hatch Year,NA,3D,Point state: Migratory (spring),FALSE,FALSE,FALSE,,,c(-64.2505569, 45.3924217)
217,VA-2020-51,3/30/2020 19:01,-64.2499695,45.3924217,14301614165,4g - Infrequent,m,Hatch Year,NA,3D,Point state: Migratory (spring),FALSE,FALSE,FALSE,,,c(-64.2499695, 45.3924217)
218,VA-2020-51,4/27/2020 12:58,-62.5421448,46.1911697,14504686078,4g - Infrequent,m,Hatch Year,NA,3D,Point state: Migratory (spring),FALSE,FALSE,FALSE,,,c(-62.5421448, 46.1911697)
219,VA-2020-51,4/29/2020 19:01,-62.5422974,46.1911926,14656089850,4g - Infrequent,m,Hatch Year,NA,3D,Point state: Migratory (spring),FALSE,FALSE,FALSE,,,c(-62.5422974, 46.1911926)
232,VT-2021-28,3/18/2022 4:01,-70.1431427,43.7573776,21551806807,4g - infreq,m,Hatch Year,15,3D,Point state: Migratory (spring),TRUE,TRUE,FALSE,,,c(-70.1431427, 43.7573776)
