Field1,id,habitat,GMT_Time,Latitude,Longitude,Altitude,POINT_X,POINT_Y,POINT_Z,t_hae_m_1
1,215683,Tall grass,8/16/2021 22:55:00,44.893153499999997,-68.664947699999999,36.710000000000001,-68.664947795999979,44.893144247000066,36.710000000006403,32.3680153
2,215683,Tall grass,8/16/2021 22:56:00,44.893125099999999,-68.664917599999995,34.799999999999997,-68.664917695999975,44.893115847000047,34.800000000002910,32.4080162
3,215683,Tall grass,8/16/2021 22:57:00,44.893124000000000,-68.664919100000006,45.469999999999999,-68.664919195999971,44.893114747000027,45.470000000001164,32.4080162
4,215683,Tall grass,8/16/2021 22:58:00,44.893105300000002,-68.664930699999999,47.250000000000000,-68.664930795999965,44.893096047000029,47.250000000000000,32.4280167
5,215683,Tall grass,8/16/2021 22:59:00,44.893115700000003,-68.664876199999995,40.520000000000003,-68.664876295999989,44.893106447000036,40.520000000004075,32.3280182
6,215683,Tall grass,8/16/2021 23:00:00,44.893079800000002,-68.664971199999997,45.659999999999997,-68.664971295999976,44.893070547000036,45.660000000003492,32.6065102
7,215683,Tall grass,8/16/2021 23:01:00,44.893144900000003,-68.664899399999996,48.229999999999997,-68.664899495999975,44.893135647000065,48.229999999995925,32.2880173
8,215683,Tall grass,8/16/2021 23:02:00,44.893126600000002,-68.664907099999994,36.149999999999999,-68.664907195999945,44.893117347000043,36.149999999994179,32.3680153
9,215683,Tall grass,8/16/2021 23:03:00,44.893121499999999,-68.664935200000002,35.520000000000003,-68.664935295999953,44.893112247000033,35.520000000004075,32.4280167
10,215683,Tall grass,8/16/2021 23:04:00,44.893112000000002,-68.664928099999997,29.309999999999999,-68.664928195999948,44.893102747000057,29.309999999997672,32.4280167
11,215683,Tall grass,8/16/2021 23:05:00,44.893088800000001,-68.664932899999997,41.439999999999998,-68.664932995999948,44.893079547000070,41.440000000002328,32.4729576
12,215683,Tall grass,8/16/2021 23:06:00,44.893130700000000,-68.664904199999995,44.759999999999998,-68.664904295999975,44.893121447000055,44.759999999994761,32.3680153
13,215683,Tall grass,8/16/2021 23:07:00,44.893111500000003,-68.664934700000003,44.990000000000002,-68.664934795999955,44.893102247000058,44.990000000005239,32.4280167
14,215683,Tall grass,8/16/2021 23:08:00,44.893152299999997,-68.664916899999994,37.280000000000001,-68.664916995999988,44.893143047000081,37.279999999998836,32.3080177
15,215683,Tall grass,8/16/2021 23:09:00,44.893115999999999,-68.664914100000004,37.509999999999998,-68.664914195999984,44.893106747000047,37.509999999994761,32.4080162
16,215683,Tall grass,8/16/2021 23:10:00,44.893188000000002,-68.664859800000002,48.420000000000002,-68.664859895999939,44.893178747000036,48.419999999998254,32.0430031
17,215683,Tall grass,8/16/2021 23:11:00,44.893157600000002,-68.664894899999993,40.329999999999998,-68.664894995999987,44.893148347000079,40.330000000001746,32.2080154
18,215683,Tall grass,8/16/2021 23:12:00,44.893110100000001,-68.664926100000002,40.719999999999999,-68.664926195999954,44.893100847000028,40.720000000001164,32.4080162
19,215683,Tall grass,8/16/2021 23:13:00,44.893109699999997,-68.664969499999998,40.000000000000000,-68.664969595999935,44.893100447000052,40.000000000000000,32.5385437
20,215683,Tall grass,8/16/2021 23:14:00,44.893094699999999,-68.664923299999998,40.899999999999999,-68.664923395999949,44.893085447000033,40.899999999994179,32.4280167
21,215683,Tall grass,8/16/2021 23:15:00,44.893098799999997,-68.664899300000002,40.450000000000003,-68.664899395999953,44.893089547000045,40.449999999997090,32.4080162
22,215683,Tall grass,8/16/2021 23:16:00,44.893162300000000,-68.664850000000001,33.359999999999999,-68.664850095999952,44.893153047000055,33.360000000000582,32.1080170
23,215683,Tall grass,8/16/2021 23:17:00,44.893132500000000,-68.664894300000000,47.270000000000003,-68.664894395999966,44.893123247000062,47.270000000004075,32.3080177
24,215683,Tall grass,8/16/2021 23:18:00,44.893126299999999,-68.664891900000001,47.840000000000003,-68.664891995999938,44.893117047000032,47.839999999996508,32.3280182
25,215683,Tall grass,8/16/2021 23:19:00,44.893141999999997,-68.664956700000005,36.159999999999997,-68.664956795999956,44.893132747000038,36.160000000003492,32.4385452
26,215683,Tall grass,8/16/2021 23:20:00,44.893069400000002,-68.664920800000004,35.140000000000001,-68.664920895999956,44.893060147000028,35.139999999999418,32.4529572
27,215683,Tall grass,8/16/2021 23:21:00,44.893168299999999,-68.664906700000003,46.350000000000001,-68.664906795999968,44.893159047000040,46.350000000005821,32.2230034
28,215683,Tall grass,8/16/2021 23:22:00,44.893155600000000,-68.664902600000005,35.590000000000003,-68.664902695999956,44.893146347000027,35.589999999996508,32.2480164
29,215683,Tall grass,8/16/2021 23:23:00,44.893098299999998,-68.664915800000003,57.140000000000001,-68.664915895999968,44.893089047000046,57.139999999999418,32.4280167
30,215683,Tall grass,8/16/2021 23:24:00,44.893111500000003,-68.664934299999999,39.759999999999998,-68.664934395999978,44.893102247000058,39.759999999994761,32.4280167
31,215683,Tall grass,8/16/2021 23:25:00,44.893103000000004,-68.664933300000001,49.380000000000003,-68.664933395999981,44.893093747000080,49.380000000004657,32.4280167
32,215683,Tall grass,8/16/2021 23:26:00,44.893147999999997,-68.664863199999999,36.119999999999997,-68.664863295999965,44.893138747000080,36.119999999995343,32.1280174
33,215683,Tall grass,8/16/2021 23:27:00,44.893125200000000,-68.664920699999996,27.100000000000001,-68.664920795999933,44.893115947000069,27.100000000005821,32.4080162
34,215683,Tall grass,8/16/2021 23:28:00,44.893150499999997,-68.664940500000000,25.520000000000000,-68.664940595999951,44.893141247000074,25.520000000004075,32.3680153
35,215683,Tall grass,8/16/2021 23:29:00,44.893160199999997,-68.664922700000005,28.750000000000000,-68.664922795999985,44.893150947000038,28.750000000000000,32.2680168
36,215683,Tall grass,8/16/2021 23:30:00,44.893082399999997,-68.664945599999996,45.219999999999999,-68.664945695999961,44.893073147000052,45.220000000001164,32.5129585
37,215683,Tall grass,8/16/2021 23:31:00,44.893103799999999,-68.664964299999994,41.590000000000003,-68.664964395999959,44.893094547000032,41.589999999996508,32.5385437
38,215683,Tall grass,8/16/2021 23:32:00,44.893072300000000,-68.665048400000003,18.129999999999999,-68.665048495999940,44.893063047000055,18.130000000004657,32.8265076
39,215683,Tall grass,8/16/2021 23:33:00,44.893084700000003,-68.664930799999993,28.050000000000001,-68.664930895999987,44.893075447000058,28.050000000002910,32.4729576
40,215683,Tall grass,8/16/2021 23:34:00,44.893052800000000,-68.665052299999999,3.090000000000000,-68.665052395999965,44.893043547000048,3.089999999996508,32.8465080
41,215683,Tall grass,8/16/2021 23:35:00,44.893110299999996,-68.664909499999993,39.369999999999997,-68.664909595999973,44.893101047000073,39.369999999995343,32.4080162
42,215683,Tall grass,8/16/2021 23:36:00,44.893112199999997,-68.664984399999994,40.859999999999999,-68.664984495999988,44.893102947000045,40.860000000000582,32.5585442
43,215683,Tall grass,8/16/2021 23:37:00,44.893126500000001,-68.664923400000006,20.559999999999999,-68.664923495999972,44.893117247000077,20.559999999997672,32.4080162
44,215683,Tall grass,8/16/2021 23:38:00,44.893177999999999,-68.664867700000002,64.159999999999997,-68.664867795999953,44.893168747000061,64.160000000003492,32.1030045
45,215683,Tall grass,8/16/2021 23:39:00,44.893084100000003,-68.664942100000005,31.940000000000001,-68.664942195999970,44.893074847000037,31.940000000002328,32.4929581
46,215683,Tall grass,8/16/2021 23:40:00,44.893185099999997,-68.664933500000004,35.530000000000001,-68.664933595999969,44.893175847000066,35.529999999998836,32.2430038
47,215684,Forest,8/16/2021 23:08:00,44.894536500000001,-68.664503699999997,22.280000000000001,-68.664503795999963,44.894527247000042,22.279999999998836,30.3896542
48,215684,Forest,8/16/2021 23:09:00,44.894014800000001,-68.665094900000000,60.189999999999998,-68.665094995999937,44.894005547000063,60.190000000002328,32.2139359
49,215684,Forest,8/16/2021 23:10:00,44.893931299999998,-68.665339200000005,42.000000000000000,-68.665339295999956,44.893922047000046,42.000000000000000,33.4358826
50,215684,Forest,8/16/2021 23:11:00,44.893772900000002,-68.665321100000000,38.729999999999997,-68.665321195999979,44.893763647000071,38.729999999995925,32.9167328
51,215684,Forest,8/16/2021 23:12:00,44.893898700000001,-68.665209000000004,37.680000000000000,-68.665209095999955,44.893889447000049,37.679999999993015,32.5126305
52,215684,Forest,8/16/2021 23:13:00,44.893979299999998,-68.665315300000003,31.550000000000001,-68.665315395999983,44.893970047000039,31.550000000002910,33.1166077
53,215684,Forest,8/16/2021 23:14:00,44.894110300000001,-68.665068800000000,41.320000000000000,-68.665068895999980,44.894101047000049,41.320000000006985,32.0165443
54,215684,Forest,8/16/2021 23:15:00,44.893964900000000,-68.665266399999993,44.780000000000001,-68.665266495999958,44.893955647000041,44.779999999998836,32.8566055
55,215684,Forest,8/16/2021 23:16:00,44.893750099999998,-68.665186300000002,47.409999999999997,-68.665186395999967,44.893740847000061,47.410000000003492,32.3823128
56,215684,Forest,8/16/2021 23:17:00,44.893909200000003,-68.665297300000006,70.120000000000005,-68.665297395999971,44.893899947000079,70.119999999995343,32.7358856
57,215684,Forest,8/16/2021 23:18:00,44.893995500000003,-68.665380799999994,22.329999999999998,-68.665380895999988,44.893986247000043,22.330000000001746,33.2468758
58,215684,Forest,8/16/2021 23:19:00,44.894003099999999,-68.665276800000001,47.329999999999998,-68.665276895999966,44.893993847000047,47.330000000001746,32.7766075
59,215684,Forest,8/16/2021 23:20:00,44.893981099999998,-68.665277799999998,48.740000000000002,-68.665277895999964,44.893971847000046,48.740000000005239,32.8566055
60,215684,Forest,8/16/2021 23:22:00,44.893953500000002,-68.665127200000001,30.090000000000000,-68.665127295999980,44.893944247000036,30.089999999996508,32.2748489
61,215684,Forest,8/16/2021 23:23:00,44.893951299999998,-68.665224600000002,46.060000000000002,-68.665224695999939,44.893942047000053,46.059999999997672,32.4126320
62,215684,Forest,8/16/2021 23:24:00,44.894015099999997,-68.665265899999994,61.579999999999998,-68.665265995999960,44.894005847000074,61.580000000001746,32.6966057
63,215684,Forest,8/16/2021 23:25:00,44.893892100000002,-68.665180899999996,86.819999999999993,-68.665180995999947,44.893882847000043,86.820000000006985,32.2726326
64,215684,Forest,8/16/2021 23:26:00,44.893853000000000,-68.665261500000000,11.039999999999999,-68.665261595999937,44.893843747000062,11.039999999993597,32.3237457
65,215684,Forest,8/16/2021 23:27:00,44.893936099999998,-68.665025999999997,86.769999999999996,-68.665026095999963,44.893926847000046,86.770000000004075,32.2023163
66,215684,Forest,8/16/2021 23:28:00,44.893973299999999,-68.665191699999994,50.600000000000001,-68.665191795999988,44.893964047000054,50.600000000005821,32.5482941
67,215684,Forest,8/16/2021 23:29:00,44.893942299999999,-68.665272999999999,71.200000000000003,-68.665273095999964,44.893933047000075,71.199999999997090,32.9558830
68,215684,Forest,8/16/2021 23:31:00,44.893901000000000,-68.665085599999998,30.090000000000000,-68.665085695999949,44.893891747000055,30.089999999996508,32.1748505
69,215684,Forest,8/16/2021 23:32:00,44.893962399999999,-68.665331699999996,41.630000000000003,-68.665331795999975,44.893953147000047,41.630000000004657,33.0966072
70,215684,Forest,8/16/2021 23:33:00,44.893975200000000,-68.665533999999994,24.460000000000001,-68.665534095999988,44.893965947000027,24.460000000006403,33.7862091
71,215684,Forest,8/16/2021 23:34:00,44.893807500000001,-68.665496800000000,-11.590000000000000,-68.665496895999979,44.893798247000063,-11.589999999996508,33.6775589
72,215684,Forest,8/16/2021 23:35:00,44.893920399999999,-68.664668599999999,130.030000000000001,-68.664668695999978,44.893911147000040,130.029999999998836,30.8642521
73,215684,Forest,8/16/2021 23:36:00,44.893880199999998,-68.665380299999995,7.990000000000000,-68.665380395999932,44.893870947000039,7.990000000005239,33.0679474
74,215684,Forest,8/16/2021 23:37:00,44.893952400000003,-68.665304899999995,18.620000000000001,-68.665304995999975,44.893943147000073,18.619999999995343,33.1958847
75,215684,Forest,8/16/2021 23:38:00,44.893917799999997,-68.665192099999999,42.240000000000002,-68.665192195999964,44.893908547000080,42.240000000005239,32.4526291
76,215684,Forest,8/16/2021 23:39:00,44.894174499999998,-68.664985500000000,54.380000000000003,-68.664985595999951,44.894165247000046,54.380000000004657,31.8622417
77,215684,Forest,8/16/2021 23:40:00,44.893901999999997,-68.665327800000000,48.200000000000003,-68.665327895999951,44.893892747000052,48.199999999997090,33.0558853
78,215684,Forest,8/16/2021 23:41:00,44.893997800000001,-68.665150699999998,75.140000000000001,-68.665150795999978,44.893988547000049,75.139999999999418,32.3282967
79,215684,Forest,8/16/2021 23:43:00,44.893949100000000,-68.665339399999993,30.090000000000000,-68.665339495999945,44.893939847000070,30.089999999996508,33.2958832
80,215684,Forest,8/16/2021 23:44:00,44.894041999999999,-68.665196199999997,55.619999999999997,-68.665196295999976,44.894032747000040,55.619999999995343,32.2758484
81,215684,Forest,8/16/2021 23:45:00,44.894331800000003,-68.665137500000000,116.569999999999993,-68.665137595999965,44.894322547000058,116.570000000006985,32.3805847
82,215684,Forest,8/16/2021 23:46:00,44.894004799999998,-68.665085800000000,118.920000000000002,-68.665085895999937,44.893995547000031,118.919999999998254,32.2339363
83,215684,Forest,8/16/2021 23:47:00,44.894027299999998,-68.665243599999997,43.240000000000002,-68.665243695999948,44.894018047000031,43.240000000005239,32.4482956
84,215684,Forest,8/16/2021 23:48:00,44.893952100000000,-68.665372700000006,23.440000000000001,-68.665372795999986,44.893942847000062,23.440000000002328,33.2365456
85,215684,Forest,8/16/2021 23:49:00,44.893994300000003,-68.665261799999996,32.490000000000002,-68.665261895999947,44.893985047000058,32.490000000005239,32.6366081
86,215685,Forest,8/16/2021 23:08:00,44.893910099999999,-68.665371699999994,39.280000000000001,-68.665371795999988,44.893900847000054,39.279999999998836,33.1765442
87,215685,Forest,8/16/2021 23:11:00,44.893981300000000,-68.665260200000006,43.100000000000001,-68.665260295999985,44.893972047000034,43.100000000005821,32.6766052
88,215685,Forest,8/16/2021 23:12:00,44.893956500000002,-68.665343100000001,56.420000000000002,-68.665343195999981,44.893947247000028,56.419999999998254,33.2958832
89,215685,Forest,8/16/2021 23:14:00,44.894091699999997,-68.664984799999999,30.090000000000000,-68.664984895999964,44.894082447000073,30.089999999996508,31.8480587
90,215685,Forest,8/16/2021 23:15:00,44.894087700000000,-68.665061800000004,46.430000000000000,-68.665061895999941,44.894078447000027,46.429999999993015,32.1471748
91,215685,Forest,8/16/2021 23:17:00,44.894023799999999,-68.665186100000000,55.240000000000002,-68.665186195999979,44.894014547000040,55.240000000005239,32.3682938
92,215685,Forest,8/16/2021 23:18:00,44.893070000000002,-68.666104599999997,118.799999999999997,-68.666104694999945,44.893060747000050,118.800000000002910,34.7073097
93,215685,Forest,8/16/2021 23:19:00,44.894059300000002,-68.665238099999996,72.879999999999995,-68.665238195999962,44.894050047000064,72.880000000004657,32.3558502
94,215685,Forest,8/16/2021 23:20:00,44.894033399999998,-68.665230500000007,43.609999999999999,-68.665230595999958,44.894024147000039,43.610000000000582,32.3758507
95,215685,Forest,8/16/2021 23:21:00,44.894018600000003,-68.665273099999993,54.680000000000000,-68.665273195999987,44.894009347000065,54.679999999993015,32.6966057
96,215685,Forest,8/16/2021 23:22:00,44.894020599999998,-68.665260300000000,67.799999999999997,-68.665260395999951,44.894011347000060,67.800000000002910,32.5566063
97,215685,Forest,8/16/2021 23:24:00,44.893954299999997,-68.665140899999997,39.490000000000002,-68.665140995999934,44.893945047000045,39.490000000005239,32.3348503
98,215685,Forest,8/16/2021 23:25:00,44.893905199999999,-68.665250099999994,30.170000000000002,-68.665250195999988,44.893895947000033,30.169999999998254,32.4126320
99,215685,Forest,8/16/2021 23:26:00,44.894054099999998,-68.665155900000002,46.369999999999997,-68.665155995999953,44.894044847000032,46.369999999995343,32.2958488
100,215685,Forest,8/16/2021 23:27:00,44.893928099999997,-68.665269400000000,31.920000000000002,-68.665269495999951,44.893918847000066,31.919999999998254,32.6758842
101,215685,Forest,8/16/2021 23:28:00,44.893916800000000,-68.665277500000002,35.810000000000002,-68.665277595999953,44.893907547000026,35.809999999997672,32.6158829
102,215685,Forest,8/16/2021 23:29:00,44.894110800000000,-68.665275100000002,60.329999999999998,-68.665275195999982,44.894101547000048,60.330000000001746,32.7706261
103,215685,Forest,8/16/2021 23:30:00,44.893774499999999,-68.665506800000003,37.600000000000001,-68.665506895999954,44.893765247000033,37.600000000005821,33.5775604
104,215685,Forest,8/16/2021 23:31:00,44.894379299999997,-68.664648000000000,64.180000000000007,-68.664648095999951,44.894370047000052,64.179999999993015,30.8513985
105,215685,Forest,8/16/2021 23:33:00,44.893963700000000,-68.665237000000005,46.119999999999997,-68.665237095999942,44.893954447000056,46.119999999995343,32.5282936
106,215685,Forest,8/16/2021 23:34:00,44.893960200000002,-68.665208199999995,41.460000000000001,-68.665208295999946,44.893950947000064,41.460000000006403,32.4882965
107,215685,Forest,8/16/2021 23:36:00,44.894054400000002,-68.665154799999996,68.959999999999994,-68.665154895999933,44.894045147000043,68.960000000006403,32.2958488
108,215685,Forest,8/16/2021 23:37:00,44.894075100000002,-68.665023199999993,118.000000000000000,-68.665023295999958,44.894065847000036,118.000000000000000,31.9880581
109,215685,Forest,8/16/2021 23:38:00,44.894002600000000,-68.665046799999999,56.630000000000003,-68.665046895999978,44.893993347000048,56.630000000004657,32.1987267
110,215685,Forest,8/16/2021 23:39:00,44.893447700000003,-68.665129800000003,172.129999999999995,-68.665129895999939,44.893438447000051,172.130000000004657,32.7554398
111,215685,Forest,8/16/2021 23:42:00,44.893713699999999,-68.665697399999999,40.539999999999999,-68.665697495999950,44.893704447000061,40.539999999993597,33.9766808
112,215685,Forest,8/16/2021 23:43:00,44.893864000000001,-68.665251600000005,28.809999999999999,-68.665251695999984,44.893854747000034,28.809999999997672,32.2736282
113,215685,Forest,8/16/2021 23:44:00,44.893957999999998,-68.665270599999999,52.750000000000000,-68.665270695999936,44.893948747000081,52.750000000000000,32.9358826
114,215685,Forest,8/16/2021 23:45:00,44.894049199999998,-68.665209200000007,54.369999999999997,-68.665209295999944,44.894039947000067,54.369999999995343,32.2958488
116,215685,Forest,8/16/2021 23:48:00,44.894007100000003,-68.665348399999999,57.460000000000001,-68.665348495999979,44.893997847000037,57.460000000006403,33.0566063
117,215685,Forest,8/16/2021 23:50:00,44.893987400000000,-68.665147300000001,59.500000000000000,-68.665147395999952,44.893978147000041,59.500000000000000,32.3539352
118,215686,Aspen,8/16/2021 23:02:00,44.892327899999998,-68.663405200000000,46.119999999999997,-68.663405295999951,44.892318647000081,46.119999999995343,29.1313248
119,215686,Aspen,8/16/2021 23:03:00,44.892452300000002,-68.663591600000004,31.210000000000001,-68.663591695999969,44.892443047000029,31.210000000006403,29.0498505
120,215686,Aspen,8/16/2021 23:04:00,44.892367000000000,-68.663544799999997,42.649999999999999,-68.663544895999962,44.892357747000062,42.649999999994179,29.1656570
121,215686,Aspen,8/16/2021 23:05:00,44.892383799999998,-68.663627399999996,41.530000000000001,-68.663627495999947,44.892374547000031,41.529999999998836,29.2086964
122,215686,Aspen,8/16/2021 23:06:00,44.892577600000003,-68.663810799999993,26.789999999999999,-68.663810895999973,44.892568347000065,26.789999999993597,28.9602528
123,215686,Aspen,8/16/2021 23:08:00,44.892396800000000,-68.663652600000006,43.710000000000001,-68.663652695999986,44.892387547000055,43.710000000006403,29.2306900
124,215686,Aspen,8/16/2021 23:09:00,44.892369400000000,-68.663549500000002,37.259999999999998,-68.663549595999939,44.892360147000034,37.259999999994761,29.1486969
125,215686,Aspen,8/16/2021 23:10:00,44.892275400000003,-68.663079800000006,71.700000000000003,-68.663079895999942,44.892266147000043,71.699999999997090,29.7659988
126,215686,Aspen,8/16/2021 23:11:00,44.892369299999999,-68.663355199999998,42.500000000000000,-68.663355295999963,44.892360047000068,42.500000000000000,28.3712997
127,215686,Aspen,8/16/2021 23:12:00,44.892381899999997,-68.663549300000000,43.159999999999997,-68.663549395999951,44.892372647000059,43.160000000003492,29.1686974
128,215686,Aspen,8/16/2021 23:13:00,44.892400899999998,-68.663513800000004,38.509999999999998,-68.663513895999984,44.892391647000068,38.509999999994761,29.0843811
129,215686,Aspen,8/16/2021 23:14:00,44.892313799999997,-68.663475300000002,48.770000000000003,-68.663475395999967,44.892304547000037,48.770000000004075,29.1847229
130,215686,Aspen,8/16/2021 23:15:00,44.892324700000003,-68.663395800000004,47.329999999999998,-68.663395895999940,44.892315447000044,47.330000000001746,29.1313248
131,215686,Aspen,8/16/2021 23:16:00,44.892297200000002,-68.663520599999998,45.549999999999997,-68.663520695999978,44.892287947000057,45.550000000002910,29.2647228
132,215686,Aspen,8/16/2021 23:17:00,44.892441599999998,-68.663220699999997,39.619999999999997,-68.663220795999962,44.892432347000067,39.619999999995343,29.2961102
133,215686,Aspen,8/16/2021 23:18:00,44.891608400000003,-68.664174500000001,85.519999999999996,-68.664174595999953,44.891599147000079,85.520000000004075,30.9550476
134,215686,Aspen,8/16/2021 23:19:00,44.892294399999997,-68.663517799999994,37.299999999999997,-68.663517895999973,44.892285147000052,37.300000000002910,29.2653503
135,215686,Aspen,8/16/2021 23:20:00,44.892402900000000,-68.663534200000001,30.949999999999999,-68.663534295999966,44.892393647000063,30.949999999997090,29.1443806
136,215686,Aspen,8/16/2021 23:21:00,44.892392600000001,-68.663469699999993,46.259999999999998,-68.663469795999958,44.892383347000077,46.259999999994761,28.8843803
137,215686,Aspen,8/16/2021 23:22:00,44.892384399999997,-68.663507800000005,27.850000000000001,-68.663507895999942,44.892375147000052,27.850000000005821,29.1043816
138,215686,Aspen,8/16/2021 23:24:00,44.892381200000003,-68.663469500000005,40.399999999999999,-68.663469595999970,44.892371947000072,40.399999999994179,28.9643822
139,215686,Aspen,8/16/2021 23:25:00,44.892382900000001,-68.663481200000007,37.829999999999998,-68.663481295999986,44.892373647000056,37.830000000001746,29.0243816
140,215686,Aspen,8/16/2021 23:26:00,44.892315500000002,-68.663432900000004,60.299999999999997,-68.663432995999983,44.892306247000079,60.300000000002910,29.1313248
141,215686,Aspen,8/16/2021 23:27:00,44.892297100000000,-68.663510400000007,57.460000000000001,-68.663510495999958,44.892287847000034,57.460000000006403,29.2447224
142,215686,Aspen,8/16/2021 23:28:00,44.892418100000000,-68.663444999999996,28.890000000000001,-68.663445095999975,44.892408847000070,28.889999999999418,28.1243820
143,215686,Aspen,8/16/2021 23:29:00,44.892579300000001,-68.663389499999994,5.360000000000000,-68.663389595999945,44.892570047000049,5.360000000000582,28.5982208
144,215686,Aspen,8/16/2021 23:30:00,44.892398700000001,-68.663483099999993,35.969999999999999,-68.663483195999959,44.892389447000028,35.970000000001164,28.8843803
145,215686,Aspen,8/16/2021 23:31:00,44.892272300000002,-68.663431700000004,56.070000000000000,-68.663431795999941,44.892263047000029,56.070000000006985,29.2054634
146,215686,Aspen,8/16/2021 23:32:00,44.892355600000002,-68.663460900000004,37.869999999999997,-68.663460995999969,44.892346347000057,37.869999999995343,29.1247234
147,215686,Aspen,8/16/2021 23:33:00,44.892365499999997,-68.663454299999998,31.780000000000001,-68.663454395999963,44.892356247000066,31.779999999998836,29.0647221
148,215686,Aspen,8/16/2021 23:34:00,44.892363400000001,-68.663472299999995,38.859999999999999,-68.663472395999975,44.892354147000049,38.860000000000582,29.1047230
149,215686,Aspen,8/16/2021 23:35:00,44.892361999999999,-68.663502699999995,38.579999999999998,-68.663502795999989,44.892352747000075,38.580000000001746,29.1447220
150,215686,Aspen,8/16/2021 23:36:00,44.892366400000000,-68.663471900000005,36.299999999999997,-68.663471995999942,44.892357147000041,36.300000000002910,29.1047230
151,215686,Aspen,8/16/2021 23:37:00,44.892371300000001,-68.663470799999999,28.800000000000001,-68.663470895999978,44.892362047000063,28.800000000002910,29.0443821
152,215686,Aspen,8/16/2021 23:38:00,44.892382900000001,-68.663489200000001,34.670000000000002,-68.663489295999966,44.892373647000056,34.669999999998254,29.0843811
153,215686,Aspen,8/16/2021 23:39:00,44.892405799999999,-68.663689099999999,7.190000000000000,-68.663689195999950,44.892396547000033,7.190000000002328,29.2106895
154,215686,Aspen,8/16/2021 23:40:00,44.892308300000003,-68.663353700000002,37.799999999999997,-68.663353795999967,44.892299047000051,37.800000000002910,29.1313248
155,215686,Aspen,8/16/2021 23:41:00,44.892380699999997,-68.663448599999995,32.469999999999999,-68.663448695999932,44.892371447000073,32.470000000001164,28.9243813
156,215686,Aspen,8/16/2021 23:42:00,44.892382900000001,-68.663454200000004,36.810000000000002,-68.663454295999941,44.892373647000056,36.809999999997672,28.9243813
157,215686,Aspen,8/16/2021 23:43:00,44.892389500000000,-68.663511999999997,42.140000000000001,-68.663512095999977,44.892380247000062,42.139999999999418,29.1043816
158,215686,Aspen,8/16/2021 23:44:00,44.892381700000001,-68.663491100000002,43.890000000000001,-68.663491195999939,44.892372447000071,43.889999999999418,29.0843811
159,215687,Short grass,8/16/2021 22:53:00,44.893110100000001,-68.665090000000006,36.490000000000002,-68.665090095999972,44.893100847000028,36.490000000005239,32.7979126
160,215687,Short grass,8/16/2021 22:54:00,44.893194000000001,-68.665066300000007,36.430000000000000,-68.665066395999986,44.893184747000078,36.429999999993015,32.6193962
161,215687,Short grass,8/16/2021 22:55:00,44.893101299999998,-68.665053900000004,50.219999999999999,-68.665053995999983,44.893092047000039,50.220000000001164,32.7779121
162,215687,Short grass,8/16/2021 22:56:00,44.893140500000001,-68.665079800000001,37.899999999999999,-68.665079895999952,44.893131247000042,37.899999999994179,32.7379112
163,215687,Short grass,8/16/2021 22:57:00,44.893147200000001,-68.665133600000004,32.939999999999998,-68.665133695999941,44.893137947000071,32.940000000002328,32.8579140
164,215687,Short grass,8/16/2021 22:58:00,44.893171899999999,-68.665048600000006,39.750000000000000,-68.665048695999985,44.893162647000054,39.750000000000000,32.5897942
165,215687,Short grass,8/16/2021 22:59:00,44.893214200000003,-68.665115599999993,27.359999999999999,-68.665115695999987,44.893204947000072,27.360000000000582,32.6793976
166,215687,Short grass,8/16/2021 23:00:00,44.893164800000001,-68.665101199999995,37.219999999999999,-68.665101295999989,44.893155547000049,37.220000000001164,32.7393990
167,215687,Short grass,8/16/2021 23:01:00,44.893078400000000,-68.665109099999995,54.079999999999998,-68.665109195999946,44.893069147000062,54.080000000001746,32.8986282
168,215687,Short grass,8/16/2021 23:02:00,44.893126799999997,-68.665044800000004,51.659999999999997,-68.665044895999984,44.893117547000031,51.660000000003492,32.6985435
169,215687,Short grass,8/16/2021 23:03:00,44.893108699999999,-68.665115200000002,40.850000000000001,-68.665115295999954,44.893099447000054,40.850000000005821,32.8379135
170,215687,Short grass,8/16/2021 23:04:00,44.893198200000000,-68.665074300000001,36.570000000000000,-68.665074395999966,44.893188947000056,36.570000000006985,32.6193962
171,215687,Short grass,8/16/2021 23:05:00,44.893261500000001,-68.665052799999998,27.940000000000001,-68.665052895999963,44.893252247000078,27.940000000002328,32.5422974
172,215687,Short grass,8/16/2021 23:06:00,44.893037999999997,-68.665101399999998,47.619999999999997,-68.665101495999977,44.893028747000074,47.619999999995343,32.9586296
173,215687,Short grass,8/16/2021 23:07:00,44.893112299999999,-68.665099400000003,42.969999999999999,-68.665099495999982,44.893103047000068,42.970000000001164,32.7979126
174,215687,Short grass,8/16/2021 23:08:00,44.893182400000001,-68.665113000000005,30.629999999999999,-68.665113095999970,44.893173147000027,30.630000000004657,32.7593956
175,215687,Short grass,8/16/2021 23:09:00,44.893045999999998,-68.665043900000001,44.570000000000000,-68.665043995999952,44.893036747000053,44.570000000006985,32.8665085
176,215687,Short grass,8/16/2021 23:10:00,44.893199899999999,-68.665095699999995,35.439999999999998,-68.665095795999946,44.893190647000040,35.440000000002328,32.6793976
177,215687,Short grass,8/16/2021 23:11:00,44.893118899999997,-68.665045800000001,49.390000000000001,-68.665045895999981,44.893109647000074,49.389999999999418,32.6985435
178,215687,Short grass,8/16/2021 23:12:00,44.893196900000000,-68.665101699999994,37.369999999999997,-68.665101795999988,44.893187647000047,37.369999999995343,32.6793976
179,215687,Short grass,8/16/2021 23:13:00,44.893158999999997,-68.665015299999993,45.359999999999999,-68.665015395999944,44.893149747000052,45.360000000000582,32.5385437
180,215687,Short grass,8/16/2021 23:14:00,44.893078400000000,-68.665055400000000,51.469999999999999,-68.665055495999979,44.893069147000062,51.470000000001164,32.8186302
181,215687,Short grass,8/16/2021 23:15:00,44.893110100000001,-68.665053599999993,43.149999999999999,-68.665053695999973,44.893100847000028,43.149999999994179,32.7579117
182,215687,Short grass,8/16/2021 23:16:00,44.893106899999999,-68.665072199999997,26.989999999999998,-68.665072295999948,44.893097647000047,26.990000000005239,32.7779121
183,215687,Short grass,8/16/2021 23:17:00,44.893099800000002,-68.665132700000001,36.640000000000001,-68.665132795999966,44.893090547000043,36.639999999999418,32.9179115
184,215687,Short grass,8/16/2021 23:18:00,44.893170300000001,-68.665053599999993,25.160000000000000,-68.665053695999973,44.893161047000035,25.160000000003492,32.6393967
185,215687,Short grass,8/16/2021 23:19:00,44.893217900000003,-68.665136899999993,19.559999999999999,-68.665136995999944,44.893208647000051,19.559999999997672,32.7593956
186,215687,Short grass,8/16/2021 23:20:00,44.893181200000001,-68.665094800000006,33.320000000000000,-68.665094895999971,44.893171947000042,33.320000000006985,32.7193985
187,215687,Short grass,8/16/2021 23:21:00,44.893120799999998,-68.665094400000001,46.000000000000000,-68.665094495999938,44.893111547000046,46.000000000000000,32.7779121
188,215687,Short grass,8/16/2021 23:22:00,44.893191100000003,-68.665044600000002,40.759999999999998,-68.665044695999939,44.893181847000051,40.759999999994761,32.5697937
189,215687,Short grass,8/16/2021 23:23:00,44.893098600000002,-68.665096399999996,44.939999999999998,-68.665096495999933,44.893089347000057,44.940000000002328,32.8379135
190,215687,Short grass,8/16/2021 23:24:00,44.893176699999998,-68.665085399999995,33.409999999999997,-68.665085495999961,44.893167447000053,33.410000000003492,32.6993980
191,215687,Short grass,8/16/2021 23:25:00,44.893166999999998,-68.665038699999997,52.460000000000001,-68.665038795999976,44.893157747000032,52.460000000006403,32.5497932
192,215687,Short grass,8/16/2021 23:26:00,44.893091800000001,-68.665071400000002,36.600000000000001,-68.665071495999939,44.893082547000063,36.600000000005821,32.8186302
193,215687,Short grass,8/16/2021 23:27:00,44.893222399999999,-68.665050300000004,40.729999999999997,-68.665050395999970,44.893213147000040,40.729999999995925,32.4897957
194,215687,Short grass,8/16/2021 23:28:00,44.893130700000000,-68.665117300000006,29.070000000000000,-68.665117395999971,44.893121447000055,29.070000000006985,32.8579140
195,215687,Short grass,8/16/2021 23:29:00,44.893083599999997,-68.665087999999997,55.060000000000002,-68.665088095999977,44.893074347000038,55.059999999997672,32.8386307
196,215687,Short grass,8/16/2021 23:30:00,44.893124899999997,-68.665050899999997,38.770000000000003,-68.665050995999934,44.893115647000059,38.770000000004075,32.6985435
197,215687,Short grass,8/16/2021 23:31:00,44.893027199999999,-68.665155400000003,20.649999999999999,-68.665155495999954,44.893017947000033,20.649999999994179,33.0608330
198,215687,Short grass,8/16/2021 23:32:00,44.893059200000003,-68.665122699999998,6.730000000000000,-68.665122795999935,44.893049947000065,6.729999999995925,32.9586296
199,215687,Short grass,8/16/2021 23:33:00,44.893162400000001,-68.664976100000004,50.289999999999999,-68.664976195999941,44.893153147000078,50.289999999993597,32.4785423
200,215687,Short grass,8/16/2021 23:34:00,44.893103900000000,-68.665068700000006,42.090000000000003,-68.665068795999957,44.893094647000055,42.089999999996508,32.7779121
201,215687,Short grass,8/16/2021 23:35:00,44.893170900000001,-68.664958100000007,81.060000000000002,-68.664958195999986,44.893161647000056,81.059999999997672,32.3497963
202,215687,Short grass,8/16/2021 23:36:00,44.893168799999998,-68.665088999999995,23.980000000000000,-68.665089095999974,44.893159547000039,23.979999999995925,32.7193985
203,215687,Short grass,8/16/2021 23:37:00,44.893135100000002,-68.665031400000004,34.259999999999998,-68.665031495999983,44.893125847000078,34.259999999994761,32.6385422
204,215687,Short grass,8/16/2021 23:38:00,44.893196699999997,-68.665087900000003,37.060000000000002,-68.665087995999954,44.893187447000059,37.059999999997672,32.6393967
205,215687,Short grass,8/16/2021 23:39:00,44.893071300000003,-68.665123600000001,28.039999999999999,-68.665123695999966,44.893062047000058,28.039999999993597,32.9386292
206,215688,Aspen,8/16/2021 23:01:00,44.892378899999997,-68.663498500000003,37.539999999999999,-68.663498595999954,44.892369647000066,37.539999999993597,29.0843811
207,215688,Aspen,8/16/2021 23:02:00,44.892361800000003,-68.663550099999995,42.960000000000001,-68.663550195999960,44.892352547000030,42.960000000006403,29.1656570
208,215688,Aspen,8/16/2021 23:03:00,44.892348599999998,-68.663479100000004,40.210000000000001,-68.663479195999969,44.892339347000075,40.210000000006403,29.1447220
209,215688,Aspen,8/16/2021 23:04:00,44.892344199999997,-68.663516500000000,45.810000000000002,-68.663516595999965,44.892334947000052,45.809999999997672,29.1447220
210,215688,Aspen,8/16/2021 23:05:00,44.892338700000003,-68.663511299999996,47.430000000000000,-68.663511395999933,44.892329447000066,47.429999999993015,29.1647224
211,215688,Aspen,8/16/2021 23:06:00,44.892435499999998,-68.663504700000004,47.659999999999997,-68.663504795999984,44.892426247000060,47.660000000003492,28.7243805
212,215688,Aspen,8/16/2021 23:07:00,44.892466700000000,-68.663543500000003,36.310000000000002,-68.663543595999954,44.892457447000027,36.309999999997672,28.6698494
213,215688,Aspen,8/16/2021 23:08:00,44.892381700000001,-68.663509899999994,36.930000000000000,-68.663509995999959,44.892372447000071,36.929999999993015,29.1043816
214,215688,Aspen,8/16/2021 23:09:00,44.892388599999997,-68.663516999999999,37.609999999999999,-68.663517095999964,44.892379347000031,37.610000000000582,29.1043816
215,215688,Aspen,8/16/2021 23:10:00,44.892398700000001,-68.663563499999995,38.500000000000000,-68.663563595999960,44.892389447000028,38.500000000000000,29.1886978
216,215688,Aspen,8/16/2021 23:11:00,44.892389299999998,-68.663520899999995,38.200000000000003,-68.663520995999988,44.892380047000074,38.199999999997090,29.1043816
217,215688,Aspen,8/16/2021 23:12:00,44.892426200000003,-68.663523900000001,43.829999999999998,-68.663523995999981,44.892416947000072,43.830000000001746,28.9243813
218,215688,Aspen,8/16/2021 23:13:00,44.892452700000000,-68.663544700000003,33.329999999999998,-68.663544795999940,44.892443447000062,33.330000000001746,28.8098507
219,215688,Aspen,8/16/2021 23:14:00,44.892455099999999,-68.663528099999994,44.520000000000003,-68.663528195999959,44.892445847000033,44.520000000004075,28.6728401
220,215688,Aspen,8/16/2021 23:15:00,44.892316700000002,-68.663458000000006,23.039999999999999,-68.663458095999943,44.892307447000064,23.039999999993597,29.1447220
221,215688,Aspen,8/16/2021 23:16:00,44.892386899999998,-68.663521399999993,37.659999999999997,-68.663521495999987,44.892377647000046,37.660000000003492,29.1043816
222,215688,Aspen,8/16/2021 23:17:00,44.892434000000002,-68.663484900000000,47.490000000000002,-68.663484995999966,44.892424747000064,47.490000000005239,28.3843803
223,215688,Aspen,8/16/2021 23:18:00,44.892378000000001,-68.663532399999994,38.170000000000002,-68.663532495999959,44.892368747000035,38.169999999998254,29.1643810
224,215688,Aspen,8/16/2021 23:19:00,44.892529199999998,-68.663560399999994,40.289999999999999,-68.663560495999945,44.892519947000039,40.289999999993597,27.9480801
225,215688,Aspen,8/16/2021 23:20:00,44.892311300000003,-68.663459099999997,30.239999999999998,-68.663459195999963,44.892302047000044,30.240000000005239,29.1647224
226,215688,Aspen,8/16/2021 23:21:00,44.892363000000003,-68.663530399999999,28.660000000000000,-68.663530495999964,44.892353747000072,28.660000000003492,29.1647224
227,215688,Aspen,8/16/2021 23:22:00,44.892402699999998,-68.663464800000000,35.390000000000001,-68.663464895999937,44.892393447000075,35.389999999999418,28.7843819
228,215688,Aspen,8/16/2021 23:23:00,44.892332799999998,-68.663455799999994,35.350000000000001,-68.663455895999959,44.892323547000046,35.350000000005821,29.1247234
229,215688,Aspen,8/16/2021 23:24:00,44.892319800000003,-68.663504900000007,35.399999999999999,-68.663504995999972,44.892310547000079,35.399999999994179,29.2447224
230,215688,Aspen,8/16/2021 23:25:00,44.892397000000003,-68.663514000000006,43.399999999999999,-68.663514095999972,44.892387747000043,43.399999999994179,29.0843811
231,215688,Aspen,8/16/2021 23:26:00,44.892450300000000,-68.663486000000006,40.799999999999997,-68.663486095999986,44.892441047000034,40.800000000002910,28.0928402
232,215688,Aspen,8/16/2021 23:27:00,44.892626399999997,-68.663508600000000,69.299999999999997,-68.663508695999951,44.892617147000067,69.300000000002910,28.3362923
233,215688,Aspen,8/16/2021 23:28:00,44.892475800000000,-68.663521500000002,54.070000000000000,-68.663521595999953,44.892466547000026,54.070000000006985,27.9128399
234,215688,Aspen,8/16/2021 23:29:00,44.892376800000001,-68.663480100000001,42.039999999999999,-68.663480195999966,44.892367547000049,42.039999999993597,29.0843811
235,215688,Aspen,8/16/2021 23:30:00,44.892349400000001,-68.663563199999999,40.180000000000000,-68.663563295999950,44.892340147000027,40.179999999993015,29.1656570
236,215688,Aspen,8/16/2021 23:31:00,44.892415900000003,-68.663434699999996,40.200000000000003,-68.663434795999933,44.892406647000030,40.199999999997090,28.0312996
237,215688,Aspen,8/16/2021 23:32:00,44.892417799999997,-68.663487099999998,39.070000000000000,-68.663487195999949,44.892408547000059,39.070000000006985,28.7843819
238,215688,Aspen,8/16/2021 23:33:00,44.892380099999997,-68.663494900000003,43.180000000000000,-68.663494995999940,44.892370847000052,43.179999999993015,29.0843811
239,215688,Aspen,8/16/2021 23:34:00,44.892379800000001,-68.663488299999997,39.920000000000002,-68.663488395999934,44.892370547000041,39.919999999998254,29.0843811
240,215688,Aspen,8/16/2021 23:35:00,44.892409299999997,-68.663493799999998,40.140000000000001,-68.663493895999977,44.892400047000081,40.139999999999418,28.8843803
241,215688,Aspen,8/16/2021 23:36:00,44.892357599999997,-68.663426799999996,45.520000000000003,-68.663426895999976,44.892348347000052,45.520000000004075,29.0313263
242,215688,Aspen,8/16/2021 23:37:00,44.892379800000001,-68.663459700000004,52.670000000000002,-68.663459795999984,44.892370547000041,52.669999999998254,28.9243813
243,215688,Aspen,8/16/2021 23:38:00,44.892432499999998,-68.663500600000006,42.670000000000002,-68.663500695999971,44.892423247000067,42.669999999998254,28.7243805
244,215688,Aspen,8/16/2021 23:39:00,44.892346699999997,-68.663515099999998,38.390000000000001,-68.663515195999935,44.892337447000045,38.389999999999418,29.1447220
245,215688,Aspen,8/16/2021 23:40:00,44.892417100000003,-68.663536500000006,30.410000000000000,-68.663536595999972,44.892407847000072,30.410000000003492,29.0643806
246,215688,Aspen,8/16/2021 23:41:00,44.892405400000001,-68.663515099999998,41.240000000000002,-68.663515195999935,44.892396147000056,41.240000000005239,29.0443821
247,215688,Aspen,8/16/2021 23:42:00,44.892374199999999,-68.663524699999996,39.009999999999998,-68.663524795999933,44.892364947000033,39.009999999994761,29.1443806
248,215688,Aspen,8/16/2021 23:43:00,44.892393900000002,-68.663513899999998,35.439999999999998,-68.663513995999949,44.892384647000029,35.440000000002328,29.1043816
249,215688,Aspen,8/16/2021 23:44:00,44.892457999999998,-68.663432700000001,39.490000000000002,-68.663432795999938,44.892448747000060,39.490000000005239,27.9077663
250,215689,Short grass,8/16/2021 22:53:00,44.893129000000002,-68.665041700000003,46.049999999999997,-68.665041795999969,44.893119747000071,46.050000000002910,32.6985435
251,215689,Short grass,8/16/2021 22:54:00,44.893105300000002,-68.665075999999999,40.079999999999998,-68.665076095999950,44.893096047000029,40.080000000001746,32.7779121
252,215689,Short grass,8/16/2021 22:55:00,44.893190300000001,-68.665075900000005,45.030000000000001,-68.665075995999985,44.893181047000041,45.029999999998836,32.6393967
253,215689,Short grass,8/16/2021 22:56:00,44.893149600000001,-68.665054100000006,46.920000000000002,-68.665054195999971,44.893140347000042,46.919999999998254,32.6579132
254,215689,Short grass,8/16/2021 22:57:00,44.893098299999998,-68.665125599999996,40.960000000000001,-68.665125695999961,44.893089047000046,40.960000000006403,32.8979111
255,215689,Short grass,8/16/2021 22:58:00,44.893153499999997,-68.665081299999997,35.939999999999998,-68.665081395999948,44.893144247000066,35.940000000002328,32.7179146
256,215689,Short grass,8/16/2021 22:59:00,44.893189399999997,-68.665064200000003,46.979999999999997,-68.665064295999969,44.893180147000066,46.979999999995925,32.6193962
257,215689,Short grass,8/16/2021 23:00:00,44.893113999999997,-68.665084899999997,36.829999999999998,-68.665084995999962,44.893104747000052,36.830000000001746,32.7779121
258,215689,Short grass,8/16/2021 23:01:00,44.893084299999998,-68.665093900000002,48.180000000000000,-68.665093995999939,44.893075047000025,48.179999999993015,32.8586311
259,215689,Short grass,8/16/2021 23:02:00,44.893087500000000,-68.665083899999999,39.270000000000003,-68.665083995999964,44.893078247000062,39.270000000004075,32.8386307
260,215689,Short grass,8/16/2021 23:03:00,44.893154799999998,-68.665012099999998,43.329999999999998,-68.665012195999964,44.893145547000074,43.330000000001746,32.5585442
261,215689,Short grass,8/16/2021 23:04:00,44.893075199999998,-68.665088900000001,47.240000000000002,-68.665088995999952,44.893065947000025,47.240000000005239,32.8786316
262,215689,Short grass,8/16/2021 23:05:00,44.893136900000002,-68.665058299999998,48.020000000000003,-68.665058395999949,44.893127647000028,48.020000000004075,32.6979141
263,215689,Short grass,8/16/2021 23:06:00,44.893112799999997,-68.665037600000005,46.159999999999997,-68.665037695999956,44.893103547000067,46.160000000003492,32.6785431
264,215689,Short grass,8/16/2021 23:07:00,44.893120799999998,-68.665163300000003,42.399999999999999,-68.665163395999969,44.893111547000046,42.399999999994179,32.9329987
265,215689,Short grass,8/16/2021 23:08:00,44.893132000000001,-68.665131400000007,47.560000000000002,-68.665131495999958,44.893122747000064,47.559999999997672,32.8979111
266,215689,Short grass,8/16/2021 23:09:00,44.893150700000000,-68.664996299999999,44.500000000000000,-68.664996395999935,44.893141447000062,44.500000000000000,32.5385437
267,215689,Short grass,8/16/2021 23:10:00,44.893119100000000,-68.665058999999999,41.680000000000000,-68.665059095999936,44.893109847000062,41.679999999993015,32.7379112
268,215689,Short grass,8/16/2021 23:11:00,44.893123099999997,-68.665062000000006,39.590000000000003,-68.665062095999986,44.893113847000052,39.589999999996508,32.7179146
269,215689,Short grass,8/16/2021 23:12:00,44.893145400000002,-68.665047400000006,37.969999999999999,-68.665047495999943,44.893136147000064,37.970000000001164,32.6385422
270,215689,Short grass,8/16/2021 23:13:00,44.893098100000003,-68.665133999999995,40.789999999999999,-68.665134095999974,44.893088847000058,40.789999999993597,32.9179115
271,215689,Short grass,8/16/2021 23:14:00,44.893102599999999,-68.664972500000005,46.119999999999997,-68.664972595999984,44.893093347000047,46.119999999995343,32.5385437
272,215689,Short grass,8/16/2021 23:15:00,44.893040599999999,-68.665077600000004,41.490000000000002,-68.665077695999969,44.893031347000033,41.490000000005239,32.8786316
273,215689,Short grass,8/16/2021 23:16:00,44.893203999999997,-68.665261099999995,19.379999999999999,-68.665261195999960,44.893194747000052,19.380000000004657,33.2129326
274,215689,Short grass,8/16/2021 23:17:00,44.893144100000001,-68.665011800000002,49.250000000000000,-68.665011895999953,44.893134847000056,49.250000000000000,32.5785446
275,215689,Short grass,8/16/2021 23:18:00,44.893102900000002,-68.665076900000003,39.930000000000000,-68.665076995999982,44.893093647000057,39.929999999993015,32.7779121
276,215689,Short grass,8/16/2021 23:19:00,44.893101700000003,-68.664848699999993,63.520000000000003,-68.664848795999944,44.893092447000072,63.520000000004075,32.2586365
277,215689,Short grass,8/16/2021 23:20:00,44.893120400000001,-68.665044600000002,46.859999999999999,-68.665044695999939,44.893111147000070,46.860000000000582,32.6985435
278,215689,Short grass,8/16/2021 23:21:00,44.893192700000000,-68.665367099999997,20.399999999999999,-68.665367195999977,44.893183447000069,20.399999999994179,33.7584648
279,215689,Short grass,8/16/2021 23:22:00,44.893150599999998,-68.665101300000003,27.609999999999999,-68.665101395999955,44.893141347000039,27.610000000000582,32.7779121
280,215689,Short grass,8/16/2021 23:23:00,44.893107999999998,-68.664902600000005,61.200000000000003,-68.664902695999956,44.893098747000067,61.199999999997090,32.4080162
281,215689,Short grass,8/16/2021 23:24:00,44.893201300000001,-68.665151800000004,25.690000000000001,-68.665151895999941,44.893192047000070,25.690000000002328,32.8193970
282,215689,Short grass,8/16/2021 23:25:00,44.893143299999998,-68.665188400000005,27.770000000000000,-68.665188495999985,44.893134047000046,27.770000000004075,32.9529991
283,215689,Short grass,8/16/2021 23:26:00,44.893127300000003,-68.665100899999999,42.119999999999997,-68.665100995999978,44.893118047000030,42.119999999995343,32.7779121
284,215689,Short grass,8/16/2021 23:27:00,44.893147100000000,-68.665205400000005,31.390000000000001,-68.665205495999942,44.893137847000048,31.389999999999418,33.0129967
285,215689,Short grass,8/16/2021 23:28:00,44.893126000000002,-68.665175899999994,29.149999999999999,-68.665175995999959,44.893116747000079,29.149999999994179,32.9529991
286,215689,Short grass,8/16/2021 23:29:00,44.893140699999996,-68.664882199999994,59.619999999999997,-68.664882295999973,44.893131447000030,59.619999999995343,32.2880173
287,215689,Short grass,8/16/2021 23:30:00,44.893116599999999,-68.665092200000004,37.200000000000003,-68.665092295999955,44.893107347000068,37.199999999997090,32.7979126
288,215689,Short grass,8/16/2021 23:31:00,44.893169700000001,-68.665069399999993,40.570000000000000,-68.665069495999944,44.893160447000071,40.570000000006985,32.6793976
289,215689,Short grass,8/16/2021 23:32:00,44.893148500000002,-68.665230300000005,25.760000000000002,-68.665230395999970,44.893139247000079,25.759999999994761,33.0729980
290,215689,Short grass,8/16/2021 23:33:00,44.893094900000001,-68.664876000000007,64.250000000000000,-68.664876095999944,44.893085647000078,64.250000000000000,32.3680153
291,215689,Short grass,8/16/2021 23:34:00,44.893130399999997,-68.664974200000003,51.539999999999999,-68.664974295999968,44.893121147000045,51.539999999993597,32.4985428
292,215689,Short grass,8/16/2021 23:35:00,44.893082999999997,-68.664985200000004,53.060000000000002,-68.664985295999941,44.893073747000074,53.059999999997672,32.6465073
293,215689,Short grass,8/16/2021 23:36:00,44.893093000000000,-68.664797399999998,62.750000000000000,-68.664797495999949,44.893083747000048,62.750000000000000,32.0674438
294,215689,Short grass,8/16/2021 23:37:00,44.893140400000000,-68.665129399999998,33.240000000000002,-68.665129495999963,44.893131147000076,33.240000000005239,32.8779144
295,215689,Short grass,8/16/2021 23:38:00,44.893123799999998,-68.665081400000005,30.320000000000000,-68.665081495999971,44.893114547000039,30.320000000006985,32.7579117
296,215689,Short grass,8/16/2021 23:39:00,44.893138100000002,-68.665003700000000,51.759999999999998,-68.665003795999951,44.893128847000071,51.759999999994761,32.5785446
297,215690,Forest,8/16/2021 23:08:00,44.893929100000001,-68.664846800000007,119.530000000000001,-68.664846895999972,44.893919847000063,119.529999999998836,31.6348534
298,215690,Forest,8/16/2021 23:09:00,44.894009599999997,-68.665241699999996,1.800000000000000,-68.665241795999975,44.894000347000031,1.800000000002910,32.5682945
299,215690,Forest,8/16/2021 23:10:00,44.894001299999999,-68.665443100000005,39.399999999999999,-68.665443195999956,44.893992047000040,39.399999999994179,33.4268761
300,215690,Forest,8/16/2021 23:11:00,44.894120899999997,-68.665143499999999,54.670000000000002,-68.665143595999950,44.894111647000045,54.669999999998254,32.1965408
301,215690,Forest,8/16/2021 23:12:00,44.893999500000000,-68.665233900000004,41.979999999999997,-68.665233995999984,44.893990247000033,41.979999999995925,32.5282936
302,215690,Forest,8/16/2021 23:14:00,44.894018299999999,-68.665328299999999,17.809999999999999,-68.665328395999950,44.894009047000054,17.809999999997672,33.0366058
303,215690,Forest,8/16/2021 23:18:00,44.894038399999999,-68.665163000000007,50.310000000000002,-68.665163095999958,44.894029147000026,50.309999999997672,32.3158493
304,215690,Forest,8/16/2021 23:19:00,44.893862700000000,-68.665277399999994,56.340000000000003,-68.665277495999987,44.893853447000026,56.339999999996508,32.4037437
305,215690,Forest,8/16/2021 23:20:00,44.894036100000001,-68.665301600000006,66.250000000000000,-68.665301695999972,44.894026847000077,66.250000000000000,32.9597244
306,215690,Forest,8/16/2021 23:22:00,44.894001199999998,-68.665334599999994,30.090000000000000,-68.665334695999945,44.893991947000075,30.089999999996508,33.1166077
307,215690,Forest,8/16/2021 23:23:00,44.894043199999999,-68.665188400000005,46.979999999999997,-68.665188495999985,44.894033947000025,46.979999999995925,32.2758484
308,215690,Forest,8/16/2021 23:26:00,44.894037400000002,-68.664829299999994,73.659999999999997,-68.664829395999959,44.894028147000029,73.660000000003492,31.3617210
309,215690,Forest,8/16/2021 23:27:00,44.894329800000001,-68.664785699999996,82.739999999999995,-68.664785795999933,44.894320547000063,82.740000000005239,31.4182320
310,215690,Forest,8/16/2021 23:29:00,44.894652499999999,-68.664401600000005,33.070000000000000,-68.664401695999970,44.894643247000033,33.070000000006985,30.4580040
311,215690,Forest,8/16/2021 23:31:00,44.894058700000002,-68.665141800000001,54.600000000000001,-68.665141895999966,44.894049447000043,54.600000000005821,32.1871758
312,215690,Forest,8/16/2021 23:32:00,44.894013000000001,-68.665315199999995,28.750000000000000,-68.665315295999960,44.894003747000056,28.750000000000000,32.9966049
313,215690,Forest,8/16/2021 23:33:00,44.893969700000000,-68.665176000000002,62.320000000000000,-68.665176095999982,44.893960447000040,62.320000000006985,32.4682961
314,215690,Forest,8/16/2021 23:34:00,44.893978300000001,-68.665209800000000,52.560000000000002,-68.665209895999965,44.893969047000041,52.559999999997672,32.5882950
315,215690,Forest,8/16/2021 23:35:00,44.893873800000001,-68.665068199999993,83.709999999999994,-68.665068295999959,44.893864547000078,83.710000000006403,32.0684433
316,215690,Forest,8/16/2021 23:36:00,44.893846600000003,-68.665275899999997,41.460000000000001,-68.665275995999934,44.893837347000044,41.460000000006403,32.3837471
317,215690,Forest,8/16/2021 23:37:00,44.893936799999999,-68.665207499999994,50.869999999999997,-68.665207595999959,44.893927547000033,50.869999999995343,32.3726311
318,215690,Forest,8/16/2021 23:38:00,44.894023799999999,-68.665488199999999,27.940000000000001,-68.665488295999978,44.894014547000040,27.940000000002328,33.7262115
319,215690,Forest,8/16/2021 23:39:00,44.893909600000001,-68.665289400000006,53.399999999999999,-68.665289495999957,44.893900347000056,53.399999999994179,32.4758835
320,215690,Forest,8/16/2021 23:42:00,44.893788000000001,-68.664823600000005,125.329999999999998,-68.664823695999985,44.893778747000056,125.330000000001746,31.2799263
321,215690,Forest,8/16/2021 23:43:00,44.893912100000001,-68.665278999999998,46.170000000000002,-68.665279095999949,44.893902847000049,46.169999999998254,32.4758835
322,215690,Forest,8/16/2021 23:46:00,44.893957100000002,-68.665341200000000,36.070000000000000,-68.665341295999951,44.893947847000049,36.070000000006985,33.2958832
323,215690,Forest,8/16/2021 23:48:00,44.893721800000002,-68.665435200000005,30.090000000000000,-68.665435295999941,44.893712547000064,30.089999999996508,33.4580154
324,215690,Forest,8/16/2021 23:49:00,44.893765100000003,-68.665760000000006,47.770000000000003,-68.665760094999939,44.893755847000079,47.770000000004075,34.0936623
325,215690,Forest,8/16/2021 23:50:00,44.893907100000000,-68.665500800000004,22.809999999999999,-68.665500895999969,44.893897847000062,22.809999999997672,33.9107361
326,215691,Tall grass,8/16/2021 22:56:00,44.893192999999997,-68.665056199999995,18.120000000000001,-68.665056295999989,44.893183747000080,18.119999999995343,32.5793991
327,215691,Tall grass,8/16/2021 22:57:00,44.893122499999997,-68.664875499999994,49.090000000000003,-68.664875595999945,44.893113247000031,49.089999999996508,32.3080177
328,215691,Tall grass,8/16/2021 22:58:00,44.893102800000001,-68.664990700000004,39.229999999999997,-68.664990795999984,44.893093547000035,39.229999999995925,32.6585426
329,215691,Tall grass,8/16/2021 22:59:00,44.893116300000003,-68.664938100000001,38.359999999999999,-68.664938195999980,44.893107047000058,38.360000000000582,32.4280167
330,215691,Tall grass,8/16/2021 23:00:00,44.893129199999997,-68.664900000000003,39.250000000000000,-68.664900095999940,44.893119947000059,39.250000000000000,32.3080177
331,215691,Tall grass,8/16/2021 23:01:00,44.893126500000001,-68.664878000000002,44.210000000000001,-68.664878095999939,44.893117247000077,44.210000000006403,32.3080177
332,215691,Tall grass,8/16/2021 23:02:00,44.893083699999998,-68.665042299999996,43.979999999999997,-68.665042395999933,44.893074447000060,43.979999999995925,32.7665100
333,215691,Tall grass,8/16/2021 23:03:00,44.893114799999999,-68.664899399999996,47.479999999999997,-68.664899495999975,44.893105547000062,47.479999999995925,32.3480186
334,215691,Tall grass,8/16/2021 23:04:00,44.893101299999998,-68.664949500000006,40.710000000000001,-68.664949595999985,44.893092047000039,40.710000000006403,32.4280167
335,215691,Tall grass,8/16/2021 23:05:00,44.893024400000002,-68.665071800000007,38.320000000000000,-68.665071895999972,44.893015147000028,38.320000000006985,32.8986282
336,215691,Tall grass,8/16/2021 23:06:00,44.893069599999997,-68.664991400000005,40.570000000000000,-68.664991495999971,44.893060347000073,40.570000000006985,32.7065086
337,215691,Tall grass,8/16/2021 23:07:00,44.893093999999998,-68.664936200000000,43.630000000000003,-68.664936295999951,44.893084747000046,43.630000000004657,32.4480171
338,215691,Tall grass,8/16/2021 23:08:00,44.893051800000002,-68.665026200000000,46.079999999999998,-68.665026295999951,44.893042547000050,46.080000000001746,32.8065071
339,215691,Tall grass,8/16/2021 23:09:00,44.893102300000002,-68.665040800000000,42.520000000000003,-68.665040895999937,44.893093047000036,42.520000000004075,32.7385445
340,215691,Tall grass,8/16/2021 23:10:00,44.893086699999998,-68.664950800000000,40.170000000000002,-68.664950895999937,44.893077447000053,40.169999999998254,32.4929581
341,215691,Tall grass,8/16/2021 23:11:00,44.893336300000001,-68.664725899999993,18.680000000000000,-68.664725995999959,44.893327047000071,18.679999999993015,31.4524364
342,215691,Tall grass,8/16/2021 23:12:00,44.893176400000002,-68.664853899999997,36.729999999999997,-68.664853995999977,44.893167147000042,36.729999999995925,32.0830040
343,215691,Tall grass,8/16/2021 23:13:00,44.893109500000001,-68.664868600000005,40.689999999999998,-68.664868695999985,44.893100247000064,40.690000000002328,32.3480186
344,215691,Tall grass,8/16/2021 23:14:00,44.893289199999998,-68.664775700000007,20.520000000000000,-68.664775795999958,44.893279947000053,20.520000000004075,31.7832584
345,215691,Tall grass,8/16/2021 23:15:00,44.893175499999998,-68.664846600000004,30.840000000000000,-68.664846695999984,44.893166247000067,30.839999999996508,32.0261803
346,215691,Tall grass,8/16/2021 23:16:00,44.893126400000000,-68.664928399999994,37.930000000000000,-68.664928495999959,44.893117147000055,37.929999999993015,32.4280167
347,215691,Tall grass,8/16/2021 23:17:00,44.893068300000003,-68.665011199999995,40.619999999999997,-68.665011295999989,44.893059047000065,40.619999999995343,32.7265091
348,215691,Tall grass,8/16/2021 23:18:00,44.893159900000001,-68.664916300000002,43.420000000000002,-68.664916395999967,44.893150647000027,43.419999999998254,32.2680168
349,215691,Tall grass,8/16/2021 23:19:00,44.893109500000001,-68.664850299999998,47.210000000000001,-68.664850395999963,44.893100247000064,47.210000000006403,32.3080177
350,215691,Tall grass,8/16/2021 23:20:00,44.893104600000001,-68.664985500000000,40.909999999999997,-68.664985595999951,44.893095347000042,40.910000000003492,32.5985451
351,215691,Tall grass,8/16/2021 23:21:00,44.893089900000000,-68.664908800000006,47.020000000000003,-68.664908895999986,44.893080647000033,47.020000000004075,32.4529572
352,215691,Tall grass,8/16/2021 23:22:00,44.893096100000001,-68.664881399999999,48.369999999999997,-68.664881495999964,44.893086847000063,48.369999999995343,32.3880157
353,215691,Tall grass,8/16/2021 23:23:00,44.893145500000003,-68.664976100000004,24.379999999999999,-68.664976195999941,44.893136247000029,24.380000000004657,32.4785423
354,215691,Tall grass,8/16/2021 23:24:00,44.893077099999999,-68.664936100000006,36.719999999999999,-68.664936195999985,44.893067847000054,36.720000000001164,32.4729576
355,215691,Tall grass,8/16/2021 23:25:00,44.893157000000002,-68.664989199999994,34.710000000000001,-68.664989295999987,44.893147747000057,34.710000000006403,32.5185432
356,215691,Tall grass,8/16/2021 23:26:00,44.893177500000000,-68.664937600000002,35.609999999999999,-68.664937695999981,44.893168247000062,35.610000000000582,32.2630043
357,215691,Tall grass,8/16/2021 23:27:00,44.893149899999997,-68.664875499999994,42.880000000000003,-68.664875595999945,44.893140647000052,42.880000000004657,32.2680168
358,215691,Tall grass,8/16/2021 23:28:00,44.893120500000002,-68.664966899999996,29.440000000000001,-68.664966995999976,44.893111247000036,29.440000000002328,32.4985428
359,215691,Tall grass,8/16/2021 23:29:00,44.893152999999998,-68.664881300000005,39.960000000000001,-68.664881395999942,44.893143747000067,39.960000000006403,32.2680168
360,215691,Tall grass,8/16/2021 23:30:00,44.893142500000003,-68.664906000000002,40.310000000000002,-68.664906095999982,44.893133247000037,40.309999999997672,32.3280182
361,215691,Tall grass,8/16/2021 23:31:00,44.893099100000001,-68.664925299999993,34.719999999999999,-68.664925395999944,44.893089847000056,34.720000000001164,32.4280167
362,215691,Tall grass,8/16/2021 23:32:00,44.893134300000000,-68.664883500000002,34.280000000000001,-68.664883595999981,44.893125047000069,34.279999999998836,32.2880173
363,215691,Tall grass,8/16/2021 23:33:00,44.893131099999998,-68.664945000000003,31.050000000000001,-68.664945095999940,44.893121847000032,31.050000000002910,32.4280167
364,215691,Tall grass,8/16/2021 23:34:00,44.893111200000000,-68.664848599999999,47.909999999999997,-68.664848695999979,44.893101947000048,47.910000000003492,32.2186356
365,215691,Tall grass,8/16/2021 23:35:00,44.893144300000003,-68.664897499999995,41.880000000000003,-68.664897595999946,44.893135047000044,41.880000000004657,32.2880173
366,215691,Tall grass,8/16/2021 23:36:00,44.893068999999997,-68.664864100000003,61.869999999999997,-68.664864195999940,44.893059747000052,61.869999999995343,32.3929558
367,215691,Tall grass,8/16/2021 23:37:00,44.893184900000001,-68.664890999999997,30.649999999999999,-68.664891095999963,44.893175647000078,30.649999999994179,32.1430054
368,215691,Tall grass,8/16/2021 23:38:00,44.893122200000001,-68.664950399999995,26.370000000000001,-68.664950495999960,44.893112947000077,26.369999999995343,32.4280167
369,215691,Tall grass,8/16/2021 23:39:00,44.893075799999998,-68.664934799999997,36.259999999999998,-68.664934895999977,44.893066547000046,36.259999999994761,32.4729576
370,215692,Tall grass,8/16/2021 22:56:00,44.893107200000003,-68.664921199999995,41.920000000000002,-68.664921295999989,44.893097947000058,41.919999999998254,32.4080162
371,215692,Tall grass,8/16/2021 22:57:00,44.893150499999997,-68.664901900000004,51.049999999999997,-68.664901995999969,44.893141247000074,51.050000000002910,32.2880173
372,215692,Tall grass,8/16/2021 22:58:00,44.893096900000003,-68.664893300000003,40.149999999999999,-68.664893395999968,44.893087647000073,40.149999999994179,32.4080162
373,215692,Tall grass,8/16/2021 22:59:00,44.893106799999998,-68.664933000000005,41.299999999999997,-68.664933095999970,44.893097547000025,41.300000000002910,32.4280167
374,215692,Tall grass,8/16/2021 23:00:00,44.893126000000002,-68.664929799999996,40.439999999999998,-68.664929895999933,44.893116747000079,40.440000000002328,32.4280167
375,215692,Tall grass,8/16/2021 23:01:00,44.893132199999997,-68.664913999999996,36.820000000000000,-68.664914095999961,44.893122947000052,36.820000000006985,32.4080162
376,215692,Tall grass,8/16/2021 23:02:00,44.893135299999997,-68.664909499999993,37.909999999999997,-68.664909595999973,44.893126047000067,37.910000000003492,32.3680153
377,215692,Tall grass,8/16/2021 23:03:00,44.893143600000002,-68.664868299999995,42.259999999999998,-68.664868395999974,44.893134347000057,42.259999999994761,32.2480164
378,215692,Tall grass,8/16/2021 23:04:00,44.893093200000003,-68.664918400000005,36.719999999999999,-68.664918495999984,44.893083947000036,36.720000000001164,32.4280167
379,215692,Tall grass,8/16/2021 23:05:00,44.893094900000001,-68.664953499999996,42.530000000000001,-68.664953595999975,44.893085647000078,42.529999999998836,32.4985428
380,215692,Tall grass,8/16/2021 23:06:00,44.893114300000001,-68.664918299999997,46.979999999999997,-68.664918395999962,44.893105047000063,46.979999999995925,32.4080162
381,215692,Tall grass,8/16/2021 23:07:00,44.893133599999999,-68.664863800000006,47.049999999999997,-68.664863895999986,44.893124347000025,47.050000000002910,32.2480164
382,215692,Tall grass,8/16/2021 23:08:00,44.893109699999997,-68.664902400000003,36.310000000000002,-68.664902495999968,44.893100447000052,36.309999999997672,32.4080162
383,215692,Tall grass,8/16/2021 23:09:00,44.893124499999999,-68.664851499999997,50.270000000000003,-68.664851595999949,44.893115247000026,50.270000000004075,32.2280159
384,215692,Tall grass,8/16/2021 23:10:00,44.893052200000000,-68.664866000000004,73.700000000000003,-68.664866095999969,44.893042947000026,73.699999999997090,32.3529587
385,215692,Tall grass,8/16/2021 23:11:00,44.893159500000003,-68.664900099999997,46.329999999999998,-68.664900195999962,44.893150247000051,46.330000000001746,32.2080154
386,215692,Tall grass,8/16/2021 23:12:00,44.893142200000000,-68.664901400000005,34.039999999999999,-68.664901495999970,44.893132947000026,34.039999999993597,32.2880173
387,215692,Tall grass,8/16/2021 23:13:00,44.893105400000003,-68.664885299999995,59.609999999999999,-68.664885395999988,44.893096147000051,59.610000000000582,32.3680153
388,215692,Tall grass,8/16/2021 23:14:00,44.893116599999999,-68.664911000000004,26.489999999999998,-68.664911095999969,44.893107347000068,26.490000000005239,32.3880157
389,215692,Tall grass,8/16/2021 23:15:00,44.893072699999998,-68.664935600000007,47.780000000000001,-68.664935695999986,44.893063447000031,47.779999999998836,32.4729576
390,215692,Tall grass,8/16/2021 23:16:00,44.892988500000001,-68.664860200000007,76.000000000000000,-68.664860295999972,44.892979247000028,76.000000000000000,32.1602402
391,215692,Tall grass,8/16/2021 23:17:00,44.893095700000003,-68.664931600000003,41.500000000000000,-68.664931695999940,44.893086447000030,41.500000000000000,32.4480171
392,215692,Tall grass,8/16/2021 23:18:00,44.893083599999997,-68.664958799999994,44.719999999999999,-68.664958895999973,44.893074347000038,44.720000000001164,32.5465088
393,215692,Tall grass,8/16/2021 23:19:00,44.893206700000000,-68.664760400000006,7.070000000000000,-68.664760495999985,44.893197447000034,7.070000000006985,31.5661812
394,215692,Tall grass,8/16/2021 23:20:00,44.893073999999999,-68.664941099999993,34.469999999999999,-68.664941195999972,44.893064747000039,34.470000000001164,32.5129585
395,215692,Tall grass,8/16/2021 23:21:00,44.893088599999999,-68.664888500000004,53.880000000000003,-68.664888595999969,44.893079347000025,53.880000000004657,32.4129562
396,215692,Tall grass,8/16/2021 23:22:00,44.893112000000002,-68.664853699999995,49.600000000000001,-68.664853795999989,44.893102747000057,49.600000000005821,32.2680168
397,215692,Tall grass,8/16/2021 23:23:00,44.893102900000002,-68.664924600000006,42.149999999999999,-68.664924695999957,44.893093647000057,42.149999999994179,32.4080162
398,215692,Tall grass,8/16/2021 23:24:00,44.893107700000002,-68.664855500000002,55.649999999999999,-68.664855595999938,44.893098447000057,55.649999999994179,32.3080177
399,215692,Tall grass,8/16/2021 23:25:00,44.893115000000002,-68.664891999999995,39.859999999999999,-68.664892095999960,44.893105747000050,39.860000000000582,32.3480186
400,215692,Tall grass,8/16/2021 23:26:00,44.893134699999997,-68.664857999999995,48.170000000000002,-68.664858095999932,44.893125447000045,48.169999999998254,32.1880188
401,215692,Tall grass,8/16/2021 23:27:00,44.893082900000003,-68.664868600000005,42.420000000000002,-68.664868695999985,44.893073647000051,42.419999999998254,32.3929558
402,215692,Tall grass,8/16/2021 23:28:00,44.893146700000003,-68.664915100000002,20.980000000000000,-68.664915195999981,44.893137447000072,20.979999999995925,32.3480186
403,215692,Tall grass,8/16/2021 23:29:00,44.893093499999999,-68.664898199999996,55.240000000000002,-68.664898295999933,44.893084247000047,55.240000000005239,32.4080162
404,215692,Tall grass,8/16/2021 23:30:00,44.893092400000000,-68.664964900000001,44.250000000000000,-68.664964995999981,44.893083147000027,44.250000000000000,32.5865097
405,215692,Tall grass,8/16/2021 23:31:00,44.893087000000001,-68.664929000000001,39.350000000000001,-68.664929095999980,44.893077747000063,39.350000000005821,32.4729576
406,215692,Tall grass,8/16/2021 23:32:00,44.893137899999999,-68.664941900000002,31.340000000000000,-68.664941995999982,44.893128647000026,31.339999999996508,32.3880157
407,215692,Tall grass,8/16/2021 23:33:00,44.893078400000000,-68.664984899999993,35.490000000000002,-68.664984995999987,44.893069147000062,35.490000000005239,32.6465073
408,215692,Tall grass,8/16/2021 23:34:00,44.893106299999999,-68.664976499999995,23.829999999999998,-68.664976595999974,44.893097047000026,23.830000000001746,32.5385437
409,215692,Tall grass,8/16/2021 23:35:00,44.893129500000001,-68.664964499999996,36.100000000000001,-68.664964595999948,44.893120247000070,36.100000000005821,32.4985428
410,215692,Tall grass,8/16/2021 23:36:00,44.893104500000000,-68.664875899999998,53.450000000000003,-68.664875995999978,44.893095247000076,53.449999999997090,32.3480186
411,215692,Tall grass,8/16/2021 23:37:00,44.893109199999998,-68.664867799999996,61.219999999999999,-68.664867895999976,44.893099947000053,61.220000000001164,32.3480186
412,215692,Tall grass,8/16/2021 23:38:00,44.893064799999998,-68.664852499999995,78.299999999999997,-68.664852595999946,44.893055547000074,78.300000000002910,32.3529587
413,215692,Tall grass,8/16/2021 23:39:00,44.893129500000001,-68.664897800000006,46.180000000000000,-68.664897895999957,44.893120247000070,46.179999999993015,32.3080177
115,215685,Forest,8/16/2021 23:47:00,44.895545200000001,-68.662856800000000,74.629999999999995,-68.662856895999937,44.895535947000042,74.630000000004657,31.6262169
